KOD;KOMPONENTENNAME;BESCHREIBUNG
PE01;Vorwäsche-Pumpenmotor;Gewährleistet Flüssigkeitszirkulation oder -transfer in der Prozessleitung für Vorwäsche-Pumpenmotor. Angeschlossen an Saug-/Druckleitungen, Ventile, Sensoren und Motorsteuerkreis.
PE02;Waschpumpenmotor;Gewährleistet Flüssigkeitszirkulation oder -transfer in der Prozessleitung für Waschpumpenmotor. Angeschlossen an Saug-/Druckleitungen, Ventile, Sensoren und Motorsteuerkreis.
PE03;Vorspül-Pumpenmotor;Gewährleistet Flüssigkeitszirkulation oder -transfer in der Prozessleitung für Vorspül-Pumpenmotor. Angeschlossen an Saug-/Druckleitungen, Ventile, Sensoren und Motorsteuerkreis.
PE04;Spülpumpenmotor;Gewährleistet Flüssigkeitszirkulation oder -transfer in der Prozessleitung für Spülpumpenmotor. Angeschlossen an Saug-/Druckleitungen, Ventile, Sensoren und Motorsteuerkreis.
PE05;Automatischer Ablasspumpenmotor;Gewährleistet Flüssigkeitszirkulation oder -transfer in der Prozessleitung für Automatischer Ablasspumpenmotor. Angeschlossen an Saug-/Druckleitungen, Ventile, Sensoren und Motorsteuerkreis.
PE06;Vakuumpumpenmotor;Gewährleistet Flüssigkeitszirkulation oder -transfer in der Prozessleitung für Vakuumpumpenmotor. Angeschlossen an Saug-/Druckleitungen, Ventile, Sensoren und Motorsteuerkreis.
PE07;Zellenentleerungspumpenmotor;Gewährleistet Flüssigkeitszirkulation oder -transfer in der Prozessleitung für Zellenentleerungspumpenmotor. Angeschlossen an Saug-/Druckleitungen, Ventile, Sensoren und Motorsteuerkreis.
PE08;Reinigung-Auslasspumpenmotor;Gewährleistet Flüssigkeitszirkulation oder -transfer in der Prozessleitung für Reinigung-Auslasspumpenmotor. Angeschlossen an Saug-/Druckleitungen, Ventile, Sensoren und Motorsteuerkreis.
PE09;Reinigung-Rücklaufpumpenmotor;Gewährleistet Flüssigkeitszirkulation oder -transfer in der Prozessleitung für Reinigung-Rücklaufpumpenmotor. Angeschlossen an Saug-/Druckleitungen, Ventile, Sensoren und Motorsteuerkreis.
PE10;1. Dosierpumpe;Gewährleistet Flüssigkeitszirkulation oder -transfer in der Prozessleitung für 1. Dosierpumpe. Angeschlossen an Saug-/Druckleitungen, Ventile, Sensoren und Motorsteuerkreis.
PE11;2. Dosierpumpe;Gewährleistet Flüssigkeitszirkulation oder -transfer in der Prozessleitung für 2. Dosierpumpe. Angeschlossen an Saug-/Druckleitungen, Ventile, Sensoren und Motorsteuerkreis.
PE12;3. Dosierpumpe;Gewährleistet Flüssigkeitszirkulation oder -transfer in der Prozessleitung für 3. Dosierpumpe. Angeschlossen an Saug-/Druckleitungen, Ventile, Sensoren und Motorsteuerkreis.
PE13;Feinfilterpumpenmotor;Gewährleistet Flüssigkeitszirkulation oder -transfer in der Prozessleitung für Feinfilterpumpenmotor. Angeschlossen an Saug-/Druckleitungen, Ventile, Sensoren und Motorsteuerkreis.
PE14;Ölabscheiderpumpenmotor;Gewährleistet Flüssigkeitszirkulation oder -transfer in der Prozessleitung für Ölabscheiderpumpenmotor. Angeschlossen an Saug-/Druckleitungen, Ventile, Sensoren und Motorsteuerkreis.
PE15;xxx Pumpenmotor;Gewährleistet Flüssigkeitszirkulation oder -transfer in der Prozessleitung für xxx Pumpenmotor. Angeschlossen an Saug-/Druckleitungen, Ventile, Sensoren und Motorsteuerkreis.
FE01;Abluftventilatormotor;Regelt den Luftstrom für Abluftventilatormotor. Angeschlossen an Kanal, Prozessleitung, Klappen/Ventile und Motorschutz.
FE02;1. Trocknungsventilatormotor;Regelt den Luftstrom für 1. Trocknungsventilatormotor. Angeschlossen an Kanal, Prozessleitung, Klappen/Ventile und Motorschutz.
FE03;2. Trocknungsventilatormotor;Regelt den Luftstrom für 2. Trocknungsventilatormotor. Angeschlossen an Kanal, Prozessleitung, Klappen/Ventile und Motorschutz.
FE04;1. Gebläsemotor;Regelt den Luftstrom für 1. Gebläsemotor. Angeschlossen an Kanal, Prozessleitung, Klappen/Ventile und Motorschutz.
FE05;2. Gebläsemotor;Regelt den Luftstrom für 2. Gebläsemotor. Angeschlossen an Kanal, Prozessleitung, Klappen/Ventile und Motorschutz.
FE06;3. Gebläsemotor;Regelt den Luftstrom für 3. Gebläsemotor. Angeschlossen an Kanal, Prozessleitung, Klappen/Ventile und Motorschutz.
FE07;4. Gebläsemotor;Regelt den Luftstrom für 4. Gebläsemotor. Angeschlossen an Kanal, Prozessleitung, Klappen/Ventile und Motorschutz.
FE08;xxx Ventilatormotor;Regelt den Luftstrom für xxx Ventilatormotor. Angeschlossen an Kanal, Prozessleitung, Klappen/Ventile und Motorschutz.
FE09;xxx Ventilatormotor;Regelt den Luftstrom für xxx Ventilatormotor. Angeschlossen an Kanal, Prozessleitung, Klappen/Ventile und Motorschutz.
FE10;xxx Ventilatormotor;Regelt den Luftstrom für xxx Ventilatormotor. Angeschlossen an Kanal, Prozessleitung, Klappen/Ventile und Motorschutz.
VE01;1. Vibrations Motor;Erzeugt Vibration für Teiletrennung und Prozesseffizienz (1. Vibrations Motor). Angeschlossen an Vibrationsaggregat, Mechanik und Motorsteuerkreis.
VE02;2. Vibrations Motor;Erzeugt Vibration für Teiletrennung und Prozesseffizienz (2. Vibrations Motor). Angeschlossen an Vibrationsaggregat, Mechanik und Motorsteuerkreis.
VE03;Vibrations xxx Motor;Erzeugt Vibration für Teiletrennung und Prozesseffizienz (Vibrations xxx Motor). Angeschlossen an Vibrationsaggregat, Mechanik und Motorsteuerkreis.
VE04;Vibrations xxx Motor;Erzeugt Vibration für Teiletrennung und Prozesseffizienz (Vibrations xxx Motor). Angeschlossen an Vibrationsaggregat, Mechanik und Motorsteuerkreis.
VE05;Vibrations xxx Motor;Erzeugt Vibration für Teiletrennung und Prozesseffizienz (Vibrations xxx Motor). Angeschlossen an Vibrationsaggregat, Mechanik und Motorsteuerkreis.
GE01;Korb Getriebemotor;Erzeugt mechanische Antriebsbewegung für Korb Getriebemotor. Angeschlossen an angetriebenes Aggregat, Positionsrückmeldung und Motorsteuerkreis.
GE02;Tambur Getriebemotor;Erzeugt mechanische Antriebsbewegung für Tambur Getriebemotor. Angeschlossen an angetriebenes Aggregat, Positionsrückmeldung und Motorsteuerkreis.
GE03;Otomatik Yükleme Motor;Erzeugt mechanische Antriebsbewegung für Otomatik Yükleme Motor. Angeschlossen an angetriebenes Aggregat, Positionsrückmeldung und Motorsteuerkreis.
GE04;Kapı Getriebemotor;Erzeugt mechanische Antriebsbewegung für Kapı Getriebemotor. Angeschlossen an angetriebenes Aggregat, Positionsrückmeldung und Motorsteuerkreis.
GE05;1. Konveyör Getriebemotor;Erzeugt mechanische Antriebsbewegung für 1. Konveyör Getriebemotor. Angeschlossen an angetriebenes Aggregat, Positionsrückmeldung und Motorsteuerkreis.
GE06;1. Yağ Sıyırıcı Getriebemotor;Erzeugt mechanische Antriebsbewegung für 1. Yağ Sıyırıcı Getriebemotor. Angeschlossen an angetriebenes Aggregat, Positionsrückmeldung und Motorsteuerkreis.
GE07;2. Yağ Sıyırıcı Getriebemotor;Erzeugt mechanische Antriebsbewegung für 2. Yağ Sıyırıcı Getriebemotor. Angeschlossen an angetriebenes Aggregat, Positionsrückmeldung und Motorsteuerkreis.
GE08;1. Yükleme( Konveyör) Getriebemotor;Erzeugt mechanische Antriebsbewegung für 1. Yükleme( Konveyör) Getriebemotor. Angeschlossen an angetriebenes Aggregat, Positionsrückmeldung und Motorsteuerkreis.
GE09;2. Yükleme (Konveyör) Getriebemotor;Erzeugt mechanische Antriebsbewegung für 2. Yükleme (Konveyör) Getriebemotor. Angeschlossen an angetriebenes Aggregat, Positionsrückmeldung und Motorsteuerkreis.
GE10;xxx Getriebemotor;Erzeugt mechanische Antriebsbewegung für xxx Getriebemotor. Angeschlossen an angetriebenes Aggregat, Positionsrückmeldung und Motorsteuerkreis.
R01;1. Prozesstank 1. Heizwiderstand;Erzeugt Heizung für 1. Prozesstank 1. Heizwiderstand. Angeschlossen an Temperatursensor, SSR/Schütz und SPS-Wärmeregelkreis.
R02;1. Prozesstank 2. Heizwiderstand;Erzeugt Heizung für 1. Prozesstank 2. Heizwiderstand. Angeschlossen an Temperatursensor, SSR/Schütz und SPS-Wärmeregelkreis.
R03;1. Prozesstank 3. Heizwiderstand;Erzeugt Heizung für 1. Prozesstank 3. Heizwiderstand. Angeschlossen an Temperatursensor, SSR/Schütz und SPS-Wärmeregelkreis.
R04;1. Prozesstank 4. Heizwiderstand;Erzeugt Heizung für 1. Prozesstank 4. Heizwiderstand. Angeschlossen an Temperatursensor, SSR/Schütz und SPS-Wärmeregelkreis.
R05;1. Prozesstank 5. Heizwiderstand;Erzeugt Heizung für 1. Prozesstank 5. Heizwiderstand. Angeschlossen an Temperatursensor, SSR/Schütz und SPS-Wärmeregelkreis.
R06;2. Prozesstank 1. Heizwiderstand;Erzeugt Heizung für 2. Prozesstank 1. Heizwiderstand. Angeschlossen an Temperatursensor, SSR/Schütz und SPS-Wärmeregelkreis.
R07;2. Prozesstank 2. Heizwiderstand;Erzeugt Heizung für 2. Prozesstank 2. Heizwiderstand. Angeschlossen an Temperatursensor, SSR/Schütz und SPS-Wärmeregelkreis.
R08;2. Prozesstank 3. Heizwiderstand;Erzeugt Heizung für 2. Prozesstank 3. Heizwiderstand. Angeschlossen an Temperatursensor, SSR/Schütz und SPS-Wärmeregelkreis.
R09;2. Prozesstank 4. Heizwiderstand;Erzeugt Heizung für 2. Prozesstank 4. Heizwiderstand. Angeschlossen an Temperatursensor, SSR/Schütz und SPS-Wärmeregelkreis.
R10;2. Prozesstank 5. Heizwiderstand;Erzeugt Heizung für 2. Prozesstank 5. Heizwiderstand. Angeschlossen an Temperatursensor, SSR/Schütz und SPS-Wärmeregelkreis.
R11;3. Prozesstank 1. Heizwiderstand;Erzeugt Heizung für 3. Prozesstank 1. Heizwiderstand. Angeschlossen an Temperatursensor, SSR/Schütz und SPS-Wärmeregelkreis.
R12;3. Prozesstank 2. Heizwiderstand;Erzeugt Heizung für 3. Prozesstank 2. Heizwiderstand. Angeschlossen an Temperatursensor, SSR/Schütz und SPS-Wärmeregelkreis.
R13;3. Prozesstank 3. Heizwiderstand;Erzeugt Heizung für 3. Prozesstank 3. Heizwiderstand. Angeschlossen an Temperatursensor, SSR/Schütz und SPS-Wärmeregelkreis.
R14;3. Prozesstank 4. Heizwiderstand;Erzeugt Heizung für 3. Prozesstank 4. Heizwiderstand. Angeschlossen an Temperatursensor, SSR/Schütz und SPS-Wärmeregelkreis.
R15;3. Prozesstank 5. Heizwiderstand;Erzeugt Heizung für 3. Prozesstank 5. Heizwiderstand. Angeschlossen an Temperatursensor, SSR/Schütz und SPS-Wärmeregelkreis.
R16;4. Prozesstank 1. Heizwiderstand;Erzeugt Heizung für 4. Prozesstank 1. Heizwiderstand. Angeschlossen an Temperatursensor, SSR/Schütz und SPS-Wärmeregelkreis.
R17;4. Prozesstank 2. Heizwiderstand;Erzeugt Heizung für 4. Prozesstank 2. Heizwiderstand. Angeschlossen an Temperatursensor, SSR/Schütz und SPS-Wärmeregelkreis.
R18;4. Prozesstank 3. Heizwiderstand;Erzeugt Heizung für 4. Prozesstank 3. Heizwiderstand. Angeschlossen an Temperatursensor, SSR/Schütz und SPS-Wärmeregelkreis.
R19;4. Prozesstank 4. Heizwiderstand;Erzeugt Heizung für 4. Prozesstank 4. Heizwiderstand. Angeschlossen an Temperatursensor, SSR/Schütz und SPS-Wärmeregelkreis.
R20;4. Prozesstank 5. Heizwiderstand;Erzeugt Heizung für 4. Prozesstank 5. Heizwiderstand. Angeschlossen an Temperatursensor, SSR/Schütz und SPS-Wärmeregelkreis.
R21;1. Trocknung Heizgruppe;Erzeugt Heizung für 1. Trocknung Heizgruppe. Angeschlossen an Temperatursensor, SSR/Schütz und SPS-Wärmeregelkreis.
R22;2. Trocknung Heizgruppe;Erzeugt Heizung für 2. Trocknung Heizgruppe. Angeschlossen an Temperatursensor, SSR/Schütz und SPS-Wärmeregelkreis.
R23;3. Trocknung Heizgruppe;Erzeugt Heizung für 3. Trocknung Heizgruppe. Angeschlossen an Temperatursensor, SSR/Schütz und SPS-Wärmeregelkreis.
R24;4. Trocknung Heizgruppe;Erzeugt Heizung für 4. Trocknung Heizgruppe. Angeschlossen an Temperatursensor, SSR/Schütz und SPS-Wärmeregelkreis.
R25;5. Trocknung Heizgruppe;Erzeugt Heizung für 5. Trocknung Heizgruppe. Angeschlossen an Temperatursensor, SSR/Schütz und SPS-Wärmeregelkreis.
R26;6. Trocknung Heizgruppe;Erzeugt Heizung für 6. Trocknung Heizgruppe. Angeschlossen an Temperatursensor, SSR/Schütz und SPS-Wärmeregelkreis.
R27;xxx Heizwiderstand;Erzeugt Heizung für xxx Heizwiderstand. Angeschlossen an Temperatursensor, SSR/Schütz und SPS-Wärmeregelkreis.
R28;xxx Heizwiderstand;Erzeugt Heizung für xxx Heizwiderstand. Angeschlossen an Temperatursensor, SSR/Schütz und SPS-Wärmeregelkreis.
R29;xxx Heizwiderstand;Erzeugt Heizung für xxx Heizwiderstand. Angeschlossen an Temperatursensor, SSR/Schütz und SPS-Wärmeregelkreis.
R30;xxx Heizwiderstand;Erzeugt Heizung für xxx Heizwiderstand. Angeschlossen an Temperatursensor, SSR/Schütz und SPS-Wärmeregelkreis.
TD01;1. Prozesstank Ultraschall-Generatorsatz;Versorgt den Ultraschall-Reinigungsgenerator für 1. Prozesstank Ultraschall-Generatorsatz. Angeschlossen an Wandler, Prozesstank und SPS-Prozesssteuerung.
TD02;2. Prozesstank Ultraschall-Generatorsatz;Versorgt den Ultraschall-Reinigungsgenerator für 2. Prozesstank Ultraschall-Generatorsatz. Angeschlossen an Wandler, Prozesstank und SPS-Prozesssteuerung.
TD03;3. Prozesstank Ultraschall-Generatorsatz;Versorgt den Ultraschall-Reinigungsgenerator für 3. Prozesstank Ultraschall-Generatorsatz. Angeschlossen an Wandler, Prozesstank und SPS-Prozesssteuerung.
TD04;4. Prozesstank Ultraschall-Generatorsatz;Versorgt den Ultraschall-Reinigungsgenerator für 4. Prozesstank Ultraschall-Generatorsatz. Angeschlossen an Wandler, Prozesstank und SPS-Prozesssteuerung.
TD05;5. Prozesstank Ultraschall-Generatorsatz;Versorgt den Ultraschall-Reinigungsgenerator für 5. Prozesstank Ultraschall-Generatorsatz. Angeschlossen an Wandler, Prozesstank und SPS-Prozesssteuerung.
TD06;6. Prozesstank Ultraschall-Generatorsatz;Versorgt den Ultraschall-Reinigungsgenerator für 6. Prozesstank Ultraschall-Generatorsatz. Angeschlossen an Wandler, Prozesstank und SPS-Prozesssteuerung.
TD07;7. Prozesstank Ultraschall-Generatorsatz;Versorgt den Ultraschall-Reinigungsgenerator für 7. Prozesstank Ultraschall-Generatorsatz. Angeschlossen an Wandler, Prozesstank und SPS-Prozesssteuerung.
TD08;8. Prozesstank Ultraschall-Generatorsatz;Versorgt den Ultraschall-Reinigungsgenerator für 8. Prozesstank Ultraschall-Generatorsatz. Angeschlossen an Wandler, Prozesstank und SPS-Prozesssteuerung.
TD09;9. Prozesstank Ultraschall-Generatorsatz;Versorgt den Ultraschall-Reinigungsgenerator für 9. Prozesstank Ultraschall-Generatorsatz. Angeschlossen an Wandler, Prozesstank und SPS-Prozesssteuerung.
TD10;10. Prozesstank Ultraschall-Generatorsatz;Versorgt den Ultraschall-Reinigungsgenerator für 10. Prozesstank Ultraschall-Generatorsatz. Angeschlossen an Wandler, Prozesstank und SPS-Prozesssteuerung.
L01;Signalleuchte - Warnleuchte;Dient der Signalisierung oder Beleuchtung für Signalleuchte - Warnleuchte. Angeschlossen an Versorgung und Steuerkreis.
L02;Zelle İçi Aydınlatma Lambası;Dient der Signalisierung oder Beleuchtung für Zelle İçi Aydınlatma Lambası. Angeschlossen an Versorgung und Steuerkreis.
L03;Pano Lambası;Dient der Signalisierung oder Beleuchtung für Pano Lambası. Angeschlossen an Versorgung und Steuerkreis.
L04;xxx Lambası;Dient der Signalisierung oder Beleuchtung für xxx Lambası. Angeschlossen an Versorgung und Steuerkreis.
L05;xxx Lambası;Dient der Signalisierung oder Beleuchtung für xxx Lambası. Angeschlossen an Versorgung und Steuerkreis.
LS01;1. Prozesstank Alt Füllstandsensor;Überwacht den Flüssigkeitsstand für 1. Prozesstank Alt Füllstandsensor. Angeschlossen an Tank/Leitung, Füll-/Ablaufventile, Pumpenverriegelung und SPS-Digitaleingang.
LS02;1. Prozesstank Orta Füllstandsensor;Überwacht den Flüssigkeitsstand für 1. Prozesstank Orta Füllstandsensor. Angeschlossen an Tank/Leitung, Füll-/Ablaufventile, Pumpenverriegelung und SPS-Digitaleingang.
LS03;1. Prozesstank Üst Füllstandsensor;Überwacht den Flüssigkeitsstand für 1. Prozesstank Üst Füllstandsensor. Angeschlossen an Tank/Leitung, Füll-/Ablaufventile, Pumpenverriegelung und SPS-Digitaleingang.
LS04;2. Prozesstank Alt Füllstandsensor;Überwacht den Flüssigkeitsstand für 2. Prozesstank Alt Füllstandsensor. Angeschlossen an Tank/Leitung, Füll-/Ablaufventile, Pumpenverriegelung und SPS-Digitaleingang.
LS05;2. Prozesstank Orta Füllstandsensor;Überwacht den Flüssigkeitsstand für 2. Prozesstank Orta Füllstandsensor. Angeschlossen an Tank/Leitung, Füll-/Ablaufventile, Pumpenverriegelung und SPS-Digitaleingang.
LS06;2. Prozesstank Üst Füllstandsensor;Überwacht den Flüssigkeitsstand für 2. Prozesstank Üst Füllstandsensor. Angeschlossen an Tank/Leitung, Füll-/Ablaufventile, Pumpenverriegelung und SPS-Digitaleingang.
LS07;3. Prozesstank Alt Füllstandsensor;Überwacht den Flüssigkeitsstand für 3. Prozesstank Alt Füllstandsensor. Angeschlossen an Tank/Leitung, Füll-/Ablaufventile, Pumpenverriegelung und SPS-Digitaleingang.
LS08;3. Prozesstank Orta Füllstandsensor;Überwacht den Flüssigkeitsstand für 3. Prozesstank Orta Füllstandsensor. Angeschlossen an Tank/Leitung, Füll-/Ablaufventile, Pumpenverriegelung und SPS-Digitaleingang.
LS09;3. Prozesstank Üst Füllstandsensor;Überwacht den Flüssigkeitsstand für 3. Prozesstank Üst Füllstandsensor. Angeschlossen an Tank/Leitung, Füll-/Ablaufventile, Pumpenverriegelung und SPS-Digitaleingang.
LS10;4. Prozesstank Alt Füllstandsensor;Überwacht den Flüssigkeitsstand für 4. Prozesstank Alt Füllstandsensor. Angeschlossen an Tank/Leitung, Füll-/Ablaufventile, Pumpenverriegelung und SPS-Digitaleingang.
LS11;4. Prozesstank Orta Füllstandsensor;Überwacht den Flüssigkeitsstand für 4. Prozesstank Orta Füllstandsensor. Angeschlossen an Tank/Leitung, Füll-/Ablaufventile, Pumpenverriegelung und SPS-Digitaleingang.
LS12;4. Prozesstank Üst Füllstandsensor;Überwacht den Flüssigkeitsstand für 4. Prozesstank Üst Füllstandsensor. Angeschlossen an Tank/Leitung, Füll-/Ablaufventile, Pumpenverriegelung und SPS-Digitaleingang.
LS13;Zelle İçi 1. Füllstandsensor;Überwacht den Flüssigkeitsstand für Zelle İçi 1. Füllstandsensor. Angeschlossen an Tank/Leitung, Füll-/Ablaufventile, Pumpenverriegelung und SPS-Digitaleingang.
LS14;Zelle İçi 2. Füllstandsensor;Überwacht den Flüssigkeitsstand für Zelle İçi 2. Füllstandsensor. Angeschlossen an Tank/Leitung, Füll-/Ablaufventile, Pumpenverriegelung und SPS-Digitaleingang.
LS15;Zelle İçi 3. Füllstandsensor;Überwacht den Flüssigkeitsstand für Zelle İçi 3. Füllstandsensor. Angeschlossen an Tank/Leitung, Füll-/Ablaufventile, Pumpenverriegelung und SPS-Digitaleingang.
LS16;Zelle İçi 4. Füllstandsensor;Überwacht den Flüssigkeitsstand für Zelle İçi 4. Füllstandsensor. Angeschlossen an Tank/Leitung, Füll-/Ablaufventile, Pumpenverriegelung und SPS-Digitaleingang.
LS17;Ablauf Hattı 1. Füllstandsensor;Überwacht den Flüssigkeitsstand für Ablauf Hattı 1. Füllstandsensor. Angeschlossen an Tank/Leitung, Füll-/Ablaufventile, Pumpenverriegelung und SPS-Digitaleingang.
LS18;Ablauf Hattı 2. Füllstandsensor;Überwacht den Flüssigkeitsstand für Ablauf Hattı 2. Füllstandsensor. Angeschlossen an Tank/Leitung, Füll-/Ablaufventile, Pumpenverriegelung und SPS-Digitaleingang.
LS19;Ablauf Hattı 3. Füllstandsensor;Überwacht den Flüssigkeitsstand für Ablauf Hattı 3. Füllstandsensor. Angeschlossen an Tank/Leitung, Füll-/Ablaufventile, Pumpenverriegelung und SPS-Digitaleingang.
LS20;Ablauf Hattı 4. Füllstandsensor;Überwacht den Flüssigkeitsstand für Ablauf Hattı 4. Füllstandsensor. Angeschlossen an Tank/Leitung, Füll-/Ablaufventile, Pumpenverriegelung und SPS-Digitaleingang.
LS21;Vakum Pumpe Tank Üst Füllstandsensor;Überwacht den Flüssigkeitsstand für Vakum Pumpe Tank Üst Füllstandsensor. Angeschlossen an Tank/Leitung, Füll-/Ablaufventile, Pumpenverriegelung und SPS-Digitaleingang.
LS22;Vakum Pumpe Tank Alt Füllstandsensor;Überwacht den Flüssigkeitsstand für Vakum Pumpe Tank Alt Füllstandsensor. Angeschlossen an Tank/Leitung, Füll-/Ablaufventile, Pumpenverriegelung und SPS-Digitaleingang.
LS23;1. Dosierpumpe Füllstandsensor;Überwacht den Flüssigkeitsstand für 1. Dosierpumpe Füllstandsensor. Angeschlossen an Tank/Leitung, Füll-/Ablaufventile, Pumpenverriegelung und SPS-Digitaleingang.
LS24;2. Dosierpumpe Füllstandsensor;Überwacht den Flüssigkeitsstand für 2. Dosierpumpe Füllstandsensor. Angeschlossen an Tank/Leitung, Füll-/Ablaufventile, Pumpenverriegelung und SPS-Digitaleingang.
LS25;3. Dosierpumpe Füllstandsensor;Überwacht den Flüssigkeitsstand für 3. Dosierpumpe Füllstandsensor. Angeschlossen an Tank/Leitung, Füll-/Ablaufventile, Pumpenverriegelung und SPS-Digitaleingang.
LS26;Sızıntı Tavası Uyarı Füllstandsensor;Überwacht den Flüssigkeitsstand für Sızıntı Tavası Uyarı Füllstandsensor. Angeschlossen an Tank/Leitung, Füll-/Ablaufventile, Pumpenverriegelung und SPS-Digitaleingang.
LS27;xxx Füllstandsensor;Überwacht den Flüssigkeitsstand für xxx Füllstandsensor. Angeschlossen an Tank/Leitung, Füll-/Ablaufventile, Pumpenverriegelung und SPS-Digitaleingang.
LS28;xxx Füllstandsensor;Überwacht den Flüssigkeitsstand für xxx Füllstandsensor. Angeschlossen an Tank/Leitung, Füll-/Ablaufventile, Pumpenverriegelung und SPS-Digitaleingang.
LS29;xxx Füllstandsensor;Überwacht den Flüssigkeitsstand für xxx Füllstandsensor. Angeschlossen an Tank/Leitung, Füll-/Ablaufventile, Pumpenverriegelung und SPS-Digitaleingang.
LS30;xxx Füllstandsensor;Überwacht den Flüssigkeitsstand für xxx Füllstandsensor. Angeschlossen an Tank/Leitung, Füll-/Ablaufventile, Pumpenverriegelung und SPS-Digitaleingang.
SS01;El Koruma Sensor;Überwacht Sicherheits-/Zugangsstatus für El Koruma Sensor. Angeschlossen an Verriegelungskreis und SPS-Sicherheitseingang.
SS02;Interlock Kilit;Überwacht Sicherheits-/Zugangsstatus für Interlock Kilit. Angeschlossen an Verriegelungskreis und SPS-Sicherheitseingang.
SS03;Işın Bariyeri Safety Sensor;Überwacht Sicherheits-/Zugangsstatus für Işın Bariyeri Safety Sensor. Angeschlossen an Verriegelungskreis und SPS-Sicherheitseingang.
SS04;İnterlock Kilit Sensor;Überwacht Sicherheits-/Zugangsstatus für İnterlock Kilit Sensor. Angeschlossen an Verriegelungskreis und SPS-Sicherheitseingang.
SS05;1. KAPAK RFID SENSÖRÜ;Überwacht Sicherheits-/Zugangsstatus für 1. KAPAK RFID SENSÖRÜ. Angeschlossen an Verriegelungskreis und SPS-Sicherheitseingang.
SS06;2. KAPAK RFID SENSÖRÜ;Überwacht Sicherheits-/Zugangsstatus für 2. KAPAK RFID SENSÖRÜ. Angeschlossen an Verriegelungskreis und SPS-Sicherheitseingang.
SS07;3. KAPAK RFID SENSÖRÜ;Überwacht Sicherheits-/Zugangsstatus für 3. KAPAK RFID SENSÖRÜ. Angeschlossen an Verriegelungskreis und SPS-Sicherheitseingang.
SS08;4. KAPAK RFID SENSÖRÜ;Überwacht Sicherheits-/Zugangsstatus für 4. KAPAK RFID SENSÖRÜ. Angeschlossen an Verriegelungskreis und SPS-Sicherheitseingang.
SS09;5. KAPAK RFID SENSÖRÜ;Überwacht Sicherheits-/Zugangsstatus für 5. KAPAK RFID SENSÖRÜ. Angeschlossen an Verriegelungskreis und SPS-Sicherheitseingang.
SS10;6. KAPAK RFID SENSÖRÜ;Überwacht Sicherheits-/Zugangsstatus für 6. KAPAK RFID SENSÖRÜ. Angeschlossen an Verriegelungskreis und SPS-Sicherheitseingang.
SS11;7. KAPAK RFID SENSÖRÜ;Überwacht Sicherheits-/Zugangsstatus für 7. KAPAK RFID SENSÖRÜ. Angeschlossen an Verriegelungskreis und SPS-Sicherheitseingang.
PRS01;Korb Pozisyon 1 Sensor;Erkennt Anlagen-/Teileposition für Korb Pozisyon 1 Sensor. Angeschlossen an Mechanik und SPS-Digitaleingang.
PRS02;Korb Pozisyon 2 Sensor;Erkennt Anlagen-/Teileposition für Korb Pozisyon 2 Sensor. Angeschlossen an Mechanik und SPS-Digitaleingang.
PRS03;1. Konveyör Giriş Prox Sensor;Erkennt Anlagen-/Teileposition für 1. Konveyör Giriş Prox Sensor. Angeschlossen an Mechanik und SPS-Digitaleingang.
PRS04;2. Konveyör Giriş Prox Sensor;Erkennt Anlagen-/Teileposition für 2. Konveyör Giriş Prox Sensor. Angeschlossen an Mechanik und SPS-Digitaleingang.
PRS05;3. Konveyör Giriş Prox Sensor;Erkennt Anlagen-/Teileposition für 3. Konveyör Giriş Prox Sensor. Angeschlossen an Mechanik und SPS-Digitaleingang.
PRS06;1. Konveyör Çıkış Prox Sensor;Erkennt Anlagen-/Teileposition für 1. Konveyör Çıkış Prox Sensor. Angeschlossen an Mechanik und SPS-Digitaleingang.
PRS07;2. Konveyör Çıkış Prox Sensor;Erkennt Anlagen-/Teileposition für 2. Konveyör Çıkış Prox Sensor. Angeschlossen an Mechanik und SPS-Digitaleingang.
PRS08;3. Konveyör Çıkış Prox Sensor;Erkennt Anlagen-/Teileposition für 3. Konveyör Çıkış Prox Sensor. Angeschlossen an Mechanik und SPS-Digitaleingang.
PRS09;xxx Prox Sensor;Erkennt Anlagen-/Teileposition für xxx Prox Sensor. Angeschlossen an Mechanik und SPS-Digitaleingang.
PRS10;xxx Prox Sensor;Erkennt Anlagen-/Teileposition für xxx Prox Sensor. Angeschlossen an Mechanik und SPS-Digitaleingang.
SWB01;1. Proses Pumpe Saugung Stellantrieb Ventil Schaltbox;Erfasst Offen/Geschlossen-Rückmeldung des Feldstellantriebs für 1. Proses Pumpe Saugung Stellantrieb Ventil Schaltbox. Angeschlossen an Stellventil, Magnetventil und SPS-Digitaleingang.
SWB02;2. Proses Pumpe Saugung Stellantrieb Ventil Schaltbox;Erfasst Offen/Geschlossen-Rückmeldung des Feldstellantriebs für 2. Proses Pumpe Saugung Stellantrieb Ventil Schaltbox. Angeschlossen an Stellventil, Magnetventil und SPS-Digitaleingang.
SWB03;3. Proses Pumpe Saugung Stellantrieb Ventil Schaltbox;Erfasst Offen/Geschlossen-Rückmeldung des Feldstellantriebs für 3. Proses Pumpe Saugung Stellantrieb Ventil Schaltbox. Angeschlossen an Stellventil, Magnetventil und SPS-Digitaleingang.
SWB04;4. Proses Pumpe Saugung Stellantrieb Ventil Schaltbox;Erfasst Offen/Geschlossen-Rückmeldung des Feldstellantriebs für 4. Proses Pumpe Saugung Stellantrieb Ventil Schaltbox. Angeschlossen an Stellventil, Magnetventil und SPS-Digitaleingang.
SWB05;Conta Şişirme Aktüator Ventil Schaltbox;Erfasst Offen/Geschlossen-Rückmeldung des Feldstellantriebs für Conta Şişirme Aktüator Ventil Schaltbox. Angeschlossen an Stellventil, Magnetventil und SPS-Digitaleingang.
SWB06;Conta Söndürme Aktüator Ventil Schaltbox;Erfasst Offen/Geschlossen-Rückmeldung des Feldstellantriebs für Conta Söndürme Aktüator Ventil Schaltbox. Angeschlossen an Stellventil, Magnetventil und SPS-Digitaleingang.
SWB07;1. Trocknung Hattı Aktüator Ventil Schaltbox;Erfasst Offen/Geschlossen-Rückmeldung des Feldstellantriebs für 1. Trocknung Hattı Aktüator Ventil Schaltbox. Angeschlossen an Stellventil, Magnetventil und SPS-Digitaleingang.
SWB08;2. Trocknung Hattı Aktüator Ventil Schaltbox;Erfasst Offen/Geschlossen-Rückmeldung des Feldstellantriebs für 2. Trocknung Hattı Aktüator Ventil Schaltbox. Angeschlossen an Stellventil, Magnetventil und SPS-Digitaleingang.
SWB09;Zelle Ablauf Stellantrieb Ventil Schaltbox;Erfasst Offen/Geschlossen-Rückmeldung des Feldstellantriebs für Zelle Ablauf Stellantrieb Ventil Schaltbox. Angeschlossen an Stellventil, Magnetventil und SPS-Digitaleingang.
SWB10;Zelle Saugung Stellantrieb Ventil Schaltbox;Erfasst Offen/Geschlossen-Rückmeldung des Feldstellantriebs für Zelle Saugung Stellantrieb Ventil Schaltbox. Angeschlossen an Stellventil, Magnetventil und SPS-Digitaleingang.
SWB11;Proses Ana Geri Dönüş Stellantrieb Ventil Schaltbox;Erfasst Offen/Geschlossen-Rückmeldung des Feldstellantriebs für Proses Ana Geri Dönüş Stellantrieb Ventil Schaltbox. Angeschlossen an Stellventil, Magnetventil und SPS-Digitaleingang.
SWB12;Hat Temizleme Stellantrieb Ventil Schaltbox;Erfasst Offen/Geschlossen-Rückmeldung des Feldstellantriebs für Hat Temizleme Stellantrieb Ventil Schaltbox. Angeschlossen an Stellventil, Magnetventil und SPS-Digitaleingang.
SWB13;By-Pass Hattı Stellantrieb Ventil Schaltbox;Erfasst Offen/Geschlossen-Rückmeldung des Feldstellantriebs für By-Pass Hattı Stellantrieb Ventil Schaltbox. Angeschlossen an Stellventil, Magnetventil und SPS-Digitaleingang.
SWB14;Ana Yıkama Nozul Stellantrieb Ventil Schaltbox;Erfasst Offen/Geschlossen-Rückmeldung des Feldstellantriebs für Ana Yıkama Nozul Stellantrieb Ventil Schaltbox. Angeschlossen an Stellventil, Magnetventil und SPS-Digitaleingang.
SWB15;Saugung Kollektör Temizleme Stellantrieb Ventil Schaltbox;Erfasst Offen/Geschlossen-Rückmeldung des Feldstellantriebs für Saugung Kollektör Temizleme Stellantrieb Ventil Schaltbox. Angeschlossen an Stellventil, Magnetventil und SPS-Digitaleingang.
SWB16;1. Proses Geri Dönüş Stellantrieb Ventil Schaltbox;Erfasst Offen/Geschlossen-Rückmeldung des Feldstellantriebs für 1. Proses Geri Dönüş Stellantrieb Ventil Schaltbox. Angeschlossen an Stellventil, Magnetventil und SPS-Digitaleingang.
SWB17;2. Proses Geri Dönüş Stellantrieb Ventil Schaltbox;Erfasst Offen/Geschlossen-Rückmeldung des Feldstellantriebs für 2. Proses Geri Dönüş Stellantrieb Ventil Schaltbox. Angeschlossen an Stellventil, Magnetventil und SPS-Digitaleingang.
SWB18;3. Proses Geri Dönüş Stellantrieb Ventil Schaltbox;Erfasst Offen/Geschlossen-Rückmeldung des Feldstellantriebs für 3. Proses Geri Dönüş Stellantrieb Ventil Schaltbox. Angeschlossen an Stellventil, Magnetventil und SPS-Digitaleingang.
SWB19;4. Proses Geri Dönüş Stellantrieb Ventil Schaltbox;Erfasst Offen/Geschlossen-Rückmeldung des Feldstellantriebs für 4. Proses Geri Dönüş Stellantrieb Ventil Schaltbox. Angeschlossen an Stellventil, Magnetventil und SPS-Digitaleingang.
SWB20;1. Prozesstank Oto. Dolum Stellantrieb Ventil Schaltbox;Erfasst Offen/Geschlossen-Rückmeldung des Feldstellantriebs für 1. Prozesstank Oto. Dolum Stellantrieb Ventil Schaltbox. Angeschlossen an Stellventil, Magnetventil und SPS-Digitaleingang.
SWB21;2. Prozesstank Oto. Dolum Stellantrieb Ventil Schaltbox;Erfasst Offen/Geschlossen-Rückmeldung des Feldstellantriebs für 2. Prozesstank Oto. Dolum Stellantrieb Ventil Schaltbox. Angeschlossen an Stellventil, Magnetventil und SPS-Digitaleingang.
SWB22;3. Prozesstank Oto. Dolum Stellantrieb Ventil Schaltbox;Erfasst Offen/Geschlossen-Rückmeldung des Feldstellantriebs für 3. Prozesstank Oto. Dolum Stellantrieb Ventil Schaltbox. Angeschlossen an Stellventil, Magnetventil und SPS-Digitaleingang.
SWB23;4. Prozesstank Oto. Dolum Stellantrieb Ventil Schaltbox;Erfasst Offen/Geschlossen-Rückmeldung des Feldstellantriebs für 4. Prozesstank Oto. Dolum Stellantrieb Ventil Schaltbox. Angeschlossen an Stellventil, Magnetventil und SPS-Digitaleingang.
SWB24;1. Prozesstank Kaskat Stellantrieb Ventil Schaltbox;Erfasst Offen/Geschlossen-Rückmeldung des Feldstellantriebs für 1. Prozesstank Kaskat Stellantrieb Ventil Schaltbox. Angeschlossen an Stellventil, Magnetventil und SPS-Digitaleingang.
SWB25;2. Prozesstank Kaskat Stellantrieb Ventil Schaltbox;Erfasst Offen/Geschlossen-Rückmeldung des Feldstellantriebs für 2. Prozesstank Kaskat Stellantrieb Ventil Schaltbox. Angeschlossen an Stellventil, Magnetventil und SPS-Digitaleingang.
SWB26;3. Prozesstank Kaskat Stellantrieb Ventil Schaltbox;Erfasst Offen/Geschlossen-Rückmeldung des Feldstellantriebs für 3. Prozesstank Kaskat Stellantrieb Ventil Schaltbox. Angeschlossen an Stellventil, Magnetventil und SPS-Digitaleingang.
SWB27;1. Tank Ablauf Aktuatör Ventil Schaltbox;Erfasst Offen/Geschlossen-Rückmeldung des Feldstellantriebs für 1. Tank Ablauf Aktuatör Ventil Schaltbox. Angeschlossen an Stellventil, Magnetventil und SPS-Digitaleingang.
SWB28;2. Tank Ablauf Aktuatör Ventil Schaltbox;Erfasst Offen/Geschlossen-Rückmeldung des Feldstellantriebs für 2. Tank Ablauf Aktuatör Ventil Schaltbox. Angeschlossen an Stellventil, Magnetventil und SPS-Digitaleingang.
SWB29;3. Tank Ablauf Aktuatör Ventil Schaltbox;Erfasst Offen/Geschlossen-Rückmeldung des Feldstellantriebs für 3. Tank Ablauf Aktuatör Ventil Schaltbox. Angeschlossen an Stellventil, Magnetventil und SPS-Digitaleingang.
SWB30;Arıtma Dönüş Aktuatör Ventil Schaltbox;Erfasst Offen/Geschlossen-Rückmeldung des Feldstellantriebs für Arıtma Dönüş Aktuatör Ventil Schaltbox. Angeschlossen an Stellventil, Magnetventil und SPS-Digitaleingang.
SWB31;1. Eşanjör Gidiş Aktuatör Ventil Schaltbox;Erfasst Offen/Geschlossen-Rückmeldung des Feldstellantriebs für 1. Eşanjör Gidiş Aktuatör Ventil Schaltbox. Angeschlossen an Stellventil, Magnetventil und SPS-Digitaleingang.
SWB32;1. Tank İçi Yıkama Aktuatör Ventil Schaltbox;Erfasst Offen/Geschlossen-Rückmeldung des Feldstellantriebs für 1. Tank İçi Yıkama Aktuatör Ventil Schaltbox. Angeschlossen an Stellventil, Magnetventil und SPS-Digitaleingang.
SWB33;2. Tank İçi Yıkama Aktuatör Ventil Schaltbox;Erfasst Offen/Geschlossen-Rückmeldung des Feldstellantriebs für 2. Tank İçi Yıkama Aktuatör Ventil Schaltbox. Angeschlossen an Stellventil, Magnetventil und SPS-Digitaleingang.
SWB34;3. Tank İçi Yıkama Aktuatör Ventil Schaltbox;Erfasst Offen/Geschlossen-Rückmeldung des Feldstellantriebs für 3. Tank İçi Yıkama Aktuatör Ventil Schaltbox. Angeschlossen an Stellventil, Magnetventil und SPS-Digitaleingang.
SWB35;Şebeke Suyu ile Durulama Aktuatör Ventil Schaltbox;Erfasst Offen/Geschlossen-Rückmeldung des Feldstellantriebs für Şebeke Suyu ile Durulama Aktuatör Ventil Schaltbox. Angeschlossen an Stellventil, Magnetventil und SPS-Digitaleingang.
SWB36;Korb Alma Kontrol Schaltbox 1;Erfasst Offen/Geschlossen-Rückmeldung des Feldstellantriebs für Korb Alma Kontrol Schaltbox 1. Angeschlossen an Stellventil, Magnetventil und SPS-Digitaleingang.
SWB37;Korb Alma Kontrol Schaltbox 2;Erfasst Offen/Geschlossen-Rückmeldung des Feldstellantriebs für Korb Alma Kontrol Schaltbox 2. Angeschlossen an Stellventil, Magnetventil und SPS-Digitaleingang.
SWB38;1. Prozesstankndan Pumpeya Saugung Stellantrieb Ventil Switchbox;Erfasst Offen/Geschlossen-Rückmeldung des Feldstellantriebs für 1. Prozesstankndan Pumpeya Saugung Stellantrieb Ventil Switchbox. Angeschlossen an Stellventil, Magnetventil und SPS-Digitaleingang.
SWB39;2. Prozesstankndan Pumpeya Saugung Stellantrieb Ventil Switchbox;Erfasst Offen/Geschlossen-Rückmeldung des Feldstellantriebs für 2. Prozesstankndan Pumpeya Saugung Stellantrieb Ventil Switchbox. Angeschlossen an Stellventil, Magnetventil und SPS-Digitaleingang.
SWB40;1. Zelleden Pumpeya Saugung Stellantrieb Ventil Switchbox;Erfasst Offen/Geschlossen-Rückmeldung des Feldstellantriebs für 1. Zelleden Pumpeya Saugung Stellantrieb Ventil Switchbox. Angeschlossen an Stellventil, Magnetventil und SPS-Digitaleingang.
SWB41;2. Zelleden Pumpeya Saugung Stellantrieb Ventil Switchbox;Erfasst Offen/Geschlossen-Rückmeldung des Feldstellantriebs für 2. Zelleden Pumpeya Saugung Stellantrieb Ventil Switchbox. Angeschlossen an Stellventil, Magnetventil und SPS-Digitaleingang.
SWB42;1. Proses Hattı Stellantrieb Ventil Switchbox;Erfasst Offen/Geschlossen-Rückmeldung des Feldstellantriebs für 1. Proses Hattı Stellantrieb Ventil Switchbox. Angeschlossen an Stellventil, Magnetventil und SPS-Digitaleingang.
SWB43;2. Proses Hattı Stellantrieb Ventil Switchbox;Erfasst Offen/Geschlossen-Rückmeldung des Feldstellantriebs für 2. Proses Hattı Stellantrieb Ventil Switchbox. Angeschlossen an Stellventil, Magnetventil und SPS-Digitaleingang.
SWB44;Hat Temizleme Stellantrieb Ventil Switchbox;Erfasst Offen/Geschlossen-Rückmeldung des Feldstellantriebs für Hat Temizleme Stellantrieb Ventil Switchbox. Angeschlossen an Stellventil, Magnetventil und SPS-Digitaleingang.
SWB45;Egzos Hattı Stellantrieb Ventil Switchbox;Erfasst Offen/Geschlossen-Rückmeldung des Feldstellantriebs für Egzos Hattı Stellantrieb Ventil Switchbox. Angeschlossen an Stellventil, Magnetventil und SPS-Digitaleingang.
SW01;Zelle Deckel Açık Konumda Schalter;Liefert mechanische Positionsrückmeldung für Zelle Deckel Açık Konumda Schalter. Angeschlossen an Aggregat und SPS-Digitaleingang.
SW02;Zelle Deckel Kapalı Konumda Schalter;Liefert mechanische Positionsrückmeldung für Zelle Deckel Kapalı Konumda Schalter. Angeschlossen an Aggregat und SPS-Digitaleingang.
SW03;1. Prozesstank Kapağı Açık Konumda Schalter;Liefert mechanische Positionsrückmeldung für 1. Prozesstank Kapağı Açık Konumda Schalter. Angeschlossen an Aggregat und SPS-Digitaleingang.
SW04;1. Prozesstank Kapağı Kapalı Konumda Schalter;Liefert mechanische Positionsrückmeldung für 1. Prozesstank Kapağı Kapalı Konumda Schalter. Angeschlossen an Aggregat und SPS-Digitaleingang.
SW05;2. Prozesstank Kapağı Açık Konumda Schalter;Liefert mechanische Positionsrückmeldung für 2. Prozesstank Kapağı Açık Konumda Schalter. Angeschlossen an Aggregat und SPS-Digitaleingang.
SW06;2. Prozesstank Kapağı Kapalı Konumda Schalter;Liefert mechanische Positionsrückmeldung für 2. Prozesstank Kapağı Kapalı Konumda Schalter. Angeschlossen an Aggregat und SPS-Digitaleingang.
SW07;3. Prozesstank Kapağı Açık Konumda Schalter;Liefert mechanische Positionsrückmeldung für 3. Prozesstank Kapağı Açık Konumda Schalter. Angeschlossen an Aggregat und SPS-Digitaleingang.
SW08;3. Prozesstank Kapağı Kapalı Konumda Schalter;Liefert mechanische Positionsrückmeldung für 3. Prozesstank Kapağı Kapalı Konumda Schalter. Angeschlossen an Aggregat und SPS-Digitaleingang.
SW09;4. Prozesstank Kapağı Açık Konumda Schalter;Liefert mechanische Positionsrückmeldung für 4. Prozesstank Kapağı Açık Konumda Schalter. Angeschlossen an Aggregat und SPS-Digitaleingang.
SW10;4. Prozesstank Kapağı Kapalı Konumda Schalter;Liefert mechanische Positionsrückmeldung für 4. Prozesstank Kapağı Kapalı Konumda Schalter. Angeschlossen an Aggregat und SPS-Digitaleingang.
SW11;Korb 1. Pozisyon Schalter;Liefert mechanische Positionsrückmeldung für Korb 1. Pozisyon Schalter. Angeschlossen an Aggregat und SPS-Digitaleingang.
SW12;Korb 2. Pozisyon Schalter;Liefert mechanische Positionsrückmeldung für Korb 2. Pozisyon Schalter. Angeschlossen an Aggregat und SPS-Digitaleingang.
SW13;1. Flow Schalter;Liefert mechanische Positionsrückmeldung für 1. Flow Schalter. Angeschlossen an Aggregat und SPS-Digitaleingang.
SW14;2. Flow Schalter;Liefert mechanische Positionsrückmeldung für 2. Flow Schalter. Angeschlossen an Aggregat und SPS-Digitaleingang.
SW15;3. Flow Schalter;Liefert mechanische Positionsrückmeldung für 3. Flow Schalter. Angeschlossen an Aggregat und SPS-Digitaleingang.
SW16;4. Flow Schalter;Liefert mechanische Positionsrückmeldung für 4. Flow Schalter. Angeschlossen an Aggregat und SPS-Digitaleingang.
SW17;xxx Schalter;Liefert mechanische Positionsrückmeldung für xxx Schalter. Angeschlossen an Aggregat und SPS-Digitaleingang.
SW18;Zelle Kapağı Kontrol Schalter;Liefert mechanische Positionsrückmeldung für Zelle Kapağı Kontrol Schalter. Angeschlossen an Aggregat und SPS-Digitaleingang.
SW19;xxx Schalter;Liefert mechanische Positionsrückmeldung für xxx Schalter. Angeschlossen an Aggregat und SPS-Digitaleingang.
SW20;xxx Schalter;Liefert mechanische Positionsrückmeldung für xxx Schalter. Angeschlossen an Aggregat und SPS-Digitaleingang.
PPS01;Ana Zelle Deckel Pistonu Açık Sensor;Liefert Pneumatikzylinder-Positionsrückmeldung für Ana Zelle Deckel Pistonu Açık Sensor. Angeschlossen an Zylinderventil, Magnetventil und SPS-Digitaleingang.
PPS02;Ana Zelle Deckel Pistonu Kapalı Sensor;Liefert Pneumatikzylinder-Positionsrückmeldung für Ana Zelle Deckel Pistonu Kapalı Sensor. Angeschlossen an Zylinderventil, Magnetventil und SPS-Digitaleingang.
PPS03;1. Prozesstank 1. Yönlendirme Pistonu Açık Sensor;Liefert Pneumatikzylinder-Positionsrückmeldung für 1. Prozesstank 1. Yönlendirme Pistonu Açık Sensor. Angeschlossen an Zylinderventil, Magnetventil und SPS-Digitaleingang.
PPS04;1. Prozesstank 1. Yönlendirme Pistonu Kapalı Sensor;Liefert Pneumatikzylinder-Positionsrückmeldung für 1. Prozesstank 1. Yönlendirme Pistonu Kapalı Sensor. Angeschlossen an Zylinderventil, Magnetventil und SPS-Digitaleingang.
PPS05;1. Prozesstank 2. Yönlendirme Pistonu Açık Sensor;Liefert Pneumatikzylinder-Positionsrückmeldung für 1. Prozesstank 2. Yönlendirme Pistonu Açık Sensor. Angeschlossen an Zylinderventil, Magnetventil und SPS-Digitaleingang.
PPS06;1. Prozesstank 2. Yönlendirme Pistonu Kapalı Sensor;Liefert Pneumatikzylinder-Positionsrückmeldung für 1. Prozesstank 2. Yönlendirme Pistonu Kapalı Sensor. Angeschlossen an Zylinderventil, Magnetventil und SPS-Digitaleingang.
PPS07;2. Prozesstank 1. Yönlendirme Pistonu Açık Sensor;Liefert Pneumatikzylinder-Positionsrückmeldung für 2. Prozesstank 1. Yönlendirme Pistonu Açık Sensor. Angeschlossen an Zylinderventil, Magnetventil und SPS-Digitaleingang.
PPS08;2. Prozesstank 1. Yönlendirme Pistonu Kapalı Sensor;Liefert Pneumatikzylinder-Positionsrückmeldung für 2. Prozesstank 1. Yönlendirme Pistonu Kapalı Sensor. Angeschlossen an Zylinderventil, Magnetventil und SPS-Digitaleingang.
PPS09;2. Prozesstank 2. Yönlendirme Pistonu Açık Sensor;Liefert Pneumatikzylinder-Positionsrückmeldung für 2. Prozesstank 2. Yönlendirme Pistonu Açık Sensor. Angeschlossen an Zylinderventil, Magnetventil und SPS-Digitaleingang.
PPS10;2. Prozesstank 2. Yönlendirme Pistonu Kapalı Sensor;Liefert Pneumatikzylinder-Positionsrückmeldung für 2. Prozesstank 2. Yönlendirme Pistonu Kapalı Sensor. Angeschlossen an Zylinderventil, Magnetventil und SPS-Digitaleingang.
PPS11;Zelle Tahliye Pistonu Açık Sensor;Liefert Pneumatikzylinder-Positionsrückmeldung für Zelle Tahliye Pistonu Açık Sensor. Angeschlossen an Zylinderventil, Magnetventil und SPS-Digitaleingang.
PPS12;Zelle Tahliye Pistonu Kapalı Sensor;Liefert Pneumatikzylinder-Positionsrückmeldung für Zelle Tahliye Pistonu Kapalı Sensor. Angeschlossen an Zylinderventil, Magnetventil und SPS-Digitaleingang.
PPS13;1. Prozesstank Lift Pistonu Açık Sensor;Liefert Pneumatikzylinder-Positionsrückmeldung für 1. Prozesstank Lift Pistonu Açık Sensor. Angeschlossen an Zylinderventil, Magnetventil und SPS-Digitaleingang.
PPS14;1. Prozesstank Lift Pistonu Ara Sensor;Liefert Pneumatikzylinder-Positionsrückmeldung für 1. Prozesstank Lift Pistonu Ara Sensor. Angeschlossen an Zylinderventil, Magnetventil und SPS-Digitaleingang.
PPS15;1. Prozesstank Lift Pistonu Kapalı Sensor;Liefert Pneumatikzylinder-Positionsrückmeldung für 1. Prozesstank Lift Pistonu Kapalı Sensor. Angeschlossen an Zylinderventil, Magnetventil und SPS-Digitaleingang.
PPS16;2. Prozesstank Lift Pistonu Açık Sensor;Liefert Pneumatikzylinder-Positionsrückmeldung für 2. Prozesstank Lift Pistonu Açık Sensor. Angeschlossen an Zylinderventil, Magnetventil und SPS-Digitaleingang.
PPS17;2. Prozesstank Lift Pistonu Ara Sensor;Liefert Pneumatikzylinder-Positionsrückmeldung für 2. Prozesstank Lift Pistonu Ara Sensor. Angeschlossen an Zylinderventil, Magnetventil und SPS-Digitaleingang.
PPS18;2. Prozesstank Lift Pistonu Kapalı Sensor;Liefert Pneumatikzylinder-Positionsrückmeldung für 2. Prozesstank Lift Pistonu Kapalı Sensor. Angeschlossen an Zylinderventil, Magnetventil und SPS-Digitaleingang.
PPS19;3. Prozesstank Lift Pistonu Açık Sensor;Liefert Pneumatikzylinder-Positionsrückmeldung für 3. Prozesstank Lift Pistonu Açık Sensor. Angeschlossen an Zylinderventil, Magnetventil und SPS-Digitaleingang.
PPS20;3. Prozesstank Lift Pistonu Ara Sensor;Liefert Pneumatikzylinder-Positionsrückmeldung für 3. Prozesstank Lift Pistonu Ara Sensor. Angeschlossen an Zylinderventil, Magnetventil und SPS-Digitaleingang.
PPS21;3. Prozesstank Lift Pistonu Kapalı Sensor;Liefert Pneumatikzylinder-Positionsrückmeldung für 3. Prozesstank Lift Pistonu Kapalı Sensor. Angeschlossen an Zylinderventil, Magnetventil und SPS-Digitaleingang.
PPS22;4. Prozesstank Lift Pistonu Açık Sensor;Liefert Pneumatikzylinder-Positionsrückmeldung für 4. Prozesstank Lift Pistonu Açık Sensor. Angeschlossen an Zylinderventil, Magnetventil und SPS-Digitaleingang.
PPS23;4. Prozesstank Lift Pistonu Ara Sensor;Liefert Pneumatikzylinder-Positionsrückmeldung für 4. Prozesstank Lift Pistonu Ara Sensor. Angeschlossen an Zylinderventil, Magnetventil und SPS-Digitaleingang.
PPS24;4. Prozesstank Lift Pistonu Kapalı Sensor;Liefert Pneumatikzylinder-Positionsrückmeldung für 4. Prozesstank Lift Pistonu Kapalı Sensor. Angeschlossen an Zylinderventil, Magnetventil und SPS-Digitaleingang.
PPS25;3. Prozesstank 1. Yönlendirme Pistonu Açık Sensor;Liefert Pneumatikzylinder-Positionsrückmeldung für 3. Prozesstank 1. Yönlendirme Pistonu Açık Sensor. Angeschlossen an Zylinderventil, Magnetventil und SPS-Digitaleingang.
PPS26;3. Prozesstank 1. Yönlendirme Pistonu Kapalı Sensor;Liefert Pneumatikzylinder-Positionsrückmeldung für 3. Prozesstank 1. Yönlendirme Pistonu Kapalı Sensor. Angeschlossen an Zylinderventil, Magnetventil und SPS-Digitaleingang.
PPS27;3. Prozesstank 2. Yönlendirme Pistonu Açık Sensor;Liefert Pneumatikzylinder-Positionsrückmeldung für 3. Prozesstank 2. Yönlendirme Pistonu Açık Sensor. Angeschlossen an Zylinderventil, Magnetventil und SPS-Digitaleingang.
PPS28;3. Prozesstank 2. Yönlendirme Pistonu Kapalı Sensor;Liefert Pneumatikzylinder-Positionsrückmeldung für 3. Prozesstank 2. Yönlendirme Pistonu Kapalı Sensor. Angeschlossen an Zylinderventil, Magnetventil und SPS-Digitaleingang.
PPS29;xxx Pistonu Açık Sensor;Liefert Pneumatikzylinder-Positionsrückmeldung für xxx Pistonu Açık Sensor. Angeschlossen an Zylinderventil, Magnetventil und SPS-Digitaleingang.
PPS30;xxx Pistonu Kapalı Sensor;Liefert Pneumatikzylinder-Positionsrückmeldung für xxx Pistonu Kapalı Sensor. Angeschlossen an Zylinderventil, Magnetventil und SPS-Digitaleingang.
PS05;Giriş Su Basınç Sensor;Misst oder überwacht Prozessdruck für Giriş Su Basınç Sensor. Angeschlossen an Leitung, Pumpe/Ventil und SPS-Eingang.
PS06;Giriş Hava Basıncı Basınç Sensor;Misst oder überwacht Prozessdruck für Giriş Hava Basıncı Basınç Sensor. Angeschlossen an Leitung, Pumpe/Ventil und SPS-Eingang.
TC01;1. Prozesstank Temperaturfühler;Misst Prozesstemperatur für 1. Prozesstank Temperaturfühler. Angeschlossen an SPS-Analogeingang und Wärmeregelkreis.
TC02;2. Prozesstank Temperaturfühler;Misst Prozesstemperatur für 2. Prozesstank Temperaturfühler. Angeschlossen an SPS-Analogeingang und Wärmeregelkreis.
TC03;3. Prozesstank Temperaturfühler;Misst Prozesstemperatur für 3. Prozesstank Temperaturfühler. Angeschlossen an SPS-Analogeingang und Wärmeregelkreis.
TC04;4. Prozesstank Temperaturfühler;Misst Prozesstemperatur für 4. Prozesstank Temperaturfühler. Angeschlossen an SPS-Analogeingang und Wärmeregelkreis.
TC05;1. Trocknung Temperaturfühler;Misst Prozesstemperatur für 1. Trocknung Temperaturfühler. Angeschlossen an SPS-Analogeingang und Wärmeregelkreis.
TC06;2. Trocknung Temperaturfühler;Misst Prozesstemperatur für 2. Trocknung Temperaturfühler. Angeschlossen an SPS-Analogeingang und Wärmeregelkreis.
TC07;Zelle İçi Temperaturfühler;Misst Prozesstemperatur für Zelle İçi Temperaturfühler. Angeschlossen an SPS-Analogeingang und Wärmeregelkreis.
TC08;xxx Temperaturfühler;Misst Prozesstemperatur für xxx Temperaturfühler. Angeschlossen an SPS-Analogeingang und Wärmeregelkreis.
TC09;xxx Temperaturfühler;Misst Prozesstemperatur für xxx Temperaturfühler. Angeschlossen an SPS-Analogeingang und Wärmeregelkreis.
TC10;xxx Temperaturfühler;Misst Prozesstemperatur für xxx Temperaturfühler. Angeschlossen an SPS-Analogeingang und Wärmeregelkreis.
PS01;1. Proses Pumpe Basınç Sensor ( 4-20 mA);Misst oder überwacht Prozessdruck für 1. Proses Pumpe Basınç Sensor ( 4-20 mA). Angeschlossen an Leitung, Pumpe/Ventil und SPS-Eingang.
PS02;2. Proses Pumpe Basınç Sensor ( 4-20 mA);Misst oder überwacht Prozessdruck für 2. Proses Pumpe Basınç Sensor ( 4-20 mA). Angeschlossen an Leitung, Pumpe/Ventil und SPS-Eingang.
PS03;3. Proses Pumpe Basınç Sensor ( 4-20 mA);Misst oder überwacht Prozessdruck für 3. Proses Pumpe Basınç Sensor ( 4-20 mA). Angeschlossen an Leitung, Pumpe/Ventil und SPS-Eingang.
PS04;4. Proses Pumpe Basınç Sensor ( 4-20 mA);Misst oder überwacht Prozessdruck für 4. Proses Pumpe Basınç Sensor ( 4-20 mA). Angeschlossen an Leitung, Pumpe/Ventil und SPS-Eingang.
PS05;Zelle İçi Vakum Sensor ( 4-20 mA);Misst oder überwacht Prozessdruck für Zelle İçi Vakum Sensor ( 4-20 mA). Angeschlossen an Leitung, Pumpe/Ventil und SPS-Eingang.
PS06;Giriş Su Basınç Sensor ( 4-20 mA);Misst oder überwacht Prozessdruck für Giriş Su Basınç Sensor ( 4-20 mA). Angeschlossen an Leitung, Pumpe/Ventil und SPS-Eingang.
PS07;Giriş Hava Basınç Sensor ( 4-20 mA);Misst oder überwacht Prozessdruck für Giriş Hava Basınç Sensor ( 4-20 mA). Angeschlossen an Leitung, Pumpe/Ventil und SPS-Eingang.
PS08;1. Druckschalter;Misst oder überwacht Prozessdruck für 1. Druckschalter. Angeschlossen an Leitung, Pumpe/Ventil und SPS-Eingang.
PS09;2. Druckschalter;Misst oder überwacht Prozessdruck für 2. Druckschalter. Angeschlossen an Leitung, Pumpe/Ventil und SPS-Eingang.
PS10;xxxx Sensor;Misst oder überwacht Prozessdruck für xxxx Sensor. Angeschlossen an Leitung, Pumpe/Ventil und SPS-Eingang.
PHS01;1. Prozesstank pH Sensor;Misst Prozess-pH für 1. Prozesstank pH Sensor. Angeschlossen an Dosierung/Prozesstank und SPS-Analogeingang.
PHS02;2. Prozesstank pH Sensor;Misst Prozess-pH für 2. Prozesstank pH Sensor. Angeschlossen an Dosierung/Prozesstank und SPS-Analogeingang.
PHS03;3. Prozesstank pH Sensor;Misst Prozess-pH für 3. Prozesstank pH Sensor. Angeschlossen an Dosierung/Prozesstank und SPS-Analogeingang.
PHS04;4. Prozesstank pH Sensor;Misst Prozess-pH für 4. Prozesstank pH Sensor. Angeschlossen an Dosierung/Prozesstank und SPS-Analogeingang.
PHS05;Yıkama Hattı pH Sensor;Misst Prozess-pH für Yıkama Hattı pH Sensor. Angeschlossen an Dosierung/Prozesstank und SPS-Analogeingang.
CS01;1. Prozesstank İletkenlik Sensor;Misst Prozessleitfähigkeit für 1. Prozesstank İletkenlik Sensor. Angeschlossen an Prozesstank, Dosierleitung und SPS-Analogeingang.
CS02;2. Prozesstank İletkenlik Sensor;Misst Prozessleitfähigkeit für 2. Prozesstank İletkenlik Sensor. Angeschlossen an Prozesstank, Dosierleitung und SPS-Analogeingang.
CS03;3. Prozesstank İletkenlik Sensor;Misst Prozessleitfähigkeit für 3. Prozesstank İletkenlik Sensor. Angeschlossen an Prozesstank, Dosierleitung und SPS-Analogeingang.
CS04;4. Prozesstank İletkenlik Sensor;Misst Prozessleitfähigkeit für 4. Prozesstank İletkenlik Sensor. Angeschlossen an Prozesstank, Dosierleitung und SPS-Analogeingang.
CS05;xxxx İletkenlik Sensor;Misst Prozessleitfähigkeit für xxxx İletkenlik Sensor. Angeschlossen an Prozesstank, Dosierleitung und SPS-Analogeingang.
V01;1. Proses Pumpe Saugung Stellantrieb Ventil valfi;Steuert Strömungsführung oder Absperrung für 1. Proses Pumpe Saugung Stellantrieb Ventil valfi. Angeschlossen an Prozessleitung, Stellantrieb/Magnetventil und SPS-Digitalausgang.
V02;2. Proses Pumpe Saugung Stellantrieb Ventil valfi;Steuert Strömungsführung oder Absperrung für 2. Proses Pumpe Saugung Stellantrieb Ventil valfi. Angeschlossen an Prozessleitung, Stellantrieb/Magnetventil und SPS-Digitalausgang.
V03;3. Proses Pumpe Saugung Stellantrieb Ventil valfi;Steuert Strömungsführung oder Absperrung für 3. Proses Pumpe Saugung Stellantrieb Ventil valfi. Angeschlossen an Prozessleitung, Stellantrieb/Magnetventil und SPS-Digitalausgang.
V04;4. Proses Pumpe Saugung Stellantrieb Ventil valfi;Steuert Strömungsführung oder Absperrung für 4. Proses Pumpe Saugung Stellantrieb Ventil valfi. Angeschlossen an Prozessleitung, Stellantrieb/Magnetventil und SPS-Digitalausgang.
V05;Conta Şişirme Aktüator Ventil valfi;Steuert Strömungsführung oder Absperrung für Conta Şişirme Aktüator Ventil valfi. Angeschlossen an Prozessleitung, Stellantrieb/Magnetventil und SPS-Digitalausgang.
V06;Conta Söndürme Aktüator Ventil valfi;Steuert Strömungsführung oder Absperrung für Conta Söndürme Aktüator Ventil valfi. Angeschlossen an Prozessleitung, Stellantrieb/Magnetventil und SPS-Digitalausgang.
V07;1. Trocknung Hattı Aktüator Ventil valfi;Steuert Strömungsführung oder Absperrung für 1. Trocknung Hattı Aktüator Ventil valfi. Angeschlossen an Prozessleitung, Stellantrieb/Magnetventil und SPS-Digitalausgang.
V08;2. Trocknung Hattı Aktüator Ventil valfi;Steuert Strömungsführung oder Absperrung für 2. Trocknung Hattı Aktüator Ventil valfi. Angeschlossen an Prozessleitung, Stellantrieb/Magnetventil und SPS-Digitalausgang.
V09;Zelle Ablauf Stellantrieb Ventil valfi;Steuert Strömungsführung oder Absperrung für Zelle Ablauf Stellantrieb Ventil valfi. Angeschlossen an Prozessleitung, Stellantrieb/Magnetventil und SPS-Digitalausgang.
V10;Zelle Saugung Stellantrieb Ventil valfi;Steuert Strömungsführung oder Absperrung für Zelle Saugung Stellantrieb Ventil valfi. Angeschlossen an Prozessleitung, Stellantrieb/Magnetventil und SPS-Digitalausgang.
V11;Proses Ana Geri Dönüş Stellantrieb Ventil valfi;Steuert Strömungsführung oder Absperrung für Proses Ana Geri Dönüş Stellantrieb Ventil valfi. Angeschlossen an Prozessleitung, Stellantrieb/Magnetventil und SPS-Digitalausgang.
V12;Hat Temizleme Stellantrieb Ventil valfi;Steuert Strömungsführung oder Absperrung für Hat Temizleme Stellantrieb Ventil valfi. Angeschlossen an Prozessleitung, Stellantrieb/Magnetventil und SPS-Digitalausgang.
V13;By-Pass Hattı Stellantrieb Ventil valfi;Steuert Strömungsführung oder Absperrung für By-Pass Hattı Stellantrieb Ventil valfi. Angeschlossen an Prozessleitung, Stellantrieb/Magnetventil und SPS-Digitalausgang.
V14;Ana Yıkama Nozzle Stellantrieb Ventil valfi;Steuert Strömungsführung oder Absperrung für Ana Yıkama Nozzle Stellantrieb Ventil valfi. Angeschlossen an Prozessleitung, Stellantrieb/Magnetventil und SPS-Digitalausgang.
V15;Saugung Kollektör Temizleme Stellantrieb Ventil valfi;Steuert Strömungsführung oder Absperrung für Saugung Kollektör Temizleme Stellantrieb Ventil valfi. Angeschlossen an Prozessleitung, Stellantrieb/Magnetventil und SPS-Digitalausgang.
V16;1. Proses Geri Dönüş Stellantrieb Ventil valfi;Steuert Strömungsführung oder Absperrung für 1. Proses Geri Dönüş Stellantrieb Ventil valfi. Angeschlossen an Prozessleitung, Stellantrieb/Magnetventil und SPS-Digitalausgang.
V17;2. Proses Geri Dönüş Stellantrieb Ventil valfi;Steuert Strömungsführung oder Absperrung für 2. Proses Geri Dönüş Stellantrieb Ventil valfi. Angeschlossen an Prozessleitung, Stellantrieb/Magnetventil und SPS-Digitalausgang.
V18;3. Proses Geri Dönüş Stellantrieb Ventil valfi;Steuert Strömungsführung oder Absperrung für 3. Proses Geri Dönüş Stellantrieb Ventil valfi. Angeschlossen an Prozessleitung, Stellantrieb/Magnetventil und SPS-Digitalausgang.
V19;4. Proses Geri Dönüş Stellantrieb Ventil valfi;Steuert Strömungsführung oder Absperrung für 4. Proses Geri Dönüş Stellantrieb Ventil valfi. Angeschlossen an Prozessleitung, Stellantrieb/Magnetventil und SPS-Digitalausgang.
V20;1. Prozesstank Oto. Dolum Stellantrieb Ventil valfi;Steuert Strömungsführung oder Absperrung für 1. Prozesstank Oto. Dolum Stellantrieb Ventil valfi. Angeschlossen an Prozessleitung, Stellantrieb/Magnetventil und SPS-Digitalausgang.
V21;2. Prozesstank Oto. Dolum Stellantrieb Ventil valfi;Steuert Strömungsführung oder Absperrung für 2. Prozesstank Oto. Dolum Stellantrieb Ventil valfi. Angeschlossen an Prozessleitung, Stellantrieb/Magnetventil und SPS-Digitalausgang.
V22;3. Prozesstank Oto. Dolum Stellantrieb Ventil valfi;Steuert Strömungsführung oder Absperrung für 3. Prozesstank Oto. Dolum Stellantrieb Ventil valfi. Angeschlossen an Prozessleitung, Stellantrieb/Magnetventil und SPS-Digitalausgang.
V23;4. Prozesstank Oto. Dolum Stellantrieb Ventil valfi;Steuert Strömungsführung oder Absperrung für 4. Prozesstank Oto. Dolum Stellantrieb Ventil valfi. Angeschlossen an Prozessleitung, Stellantrieb/Magnetventil und SPS-Digitalausgang.
V24;1. Prozesstank Kaskat Stellantrieb Ventil valfi;Steuert Strömungsführung oder Absperrung für 1. Prozesstank Kaskat Stellantrieb Ventil valfi. Angeschlossen an Prozessleitung, Stellantrieb/Magnetventil und SPS-Digitalausgang.
V25;2. Prozesstank Kaskat Stellantrieb Ventil valfi;Steuert Strömungsführung oder Absperrung für 2. Prozesstank Kaskat Stellantrieb Ventil valfi. Angeschlossen an Prozessleitung, Stellantrieb/Magnetventil und SPS-Digitalausgang.
V26;3. Prozesstank Kaskat Stellantrieb Ventil valfi;Steuert Strömungsführung oder Absperrung für 3. Prozesstank Kaskat Stellantrieb Ventil valfi. Angeschlossen an Prozessleitung, Stellantrieb/Magnetventil und SPS-Digitalausgang.
V27;1. Tank Ablauf Aktuatör Ventil valfi;Steuert Strömungsführung oder Absperrung für 1. Tank Ablauf Aktuatör Ventil valfi. Angeschlossen an Prozessleitung, Stellantrieb/Magnetventil und SPS-Digitalausgang.
V28;2. Tank Ablauf Aktuatör Ventil valfi;Steuert Strömungsführung oder Absperrung für 2. Tank Ablauf Aktuatör Ventil valfi. Angeschlossen an Prozessleitung, Stellantrieb/Magnetventil und SPS-Digitalausgang.
V29;3. Tank Ablauf Aktuatör Ventil valfi;Steuert Strömungsführung oder Absperrung für 3. Tank Ablauf Aktuatör Ventil valfi. Angeschlossen an Prozessleitung, Stellantrieb/Magnetventil und SPS-Digitalausgang.
V30;Arıtma Dönüş Aktuatör Ventil valfi;Steuert Strömungsführung oder Absperrung für Arıtma Dönüş Aktuatör Ventil valfi. Angeschlossen an Prozessleitung, Stellantrieb/Magnetventil und SPS-Digitalausgang.
V31;1. Prozesstank Tahliye Ventil Aç Ventil;Steuert Strömungsführung oder Absperrung für 1. Prozesstank Tahliye Ventil Aç Ventil. Angeschlossen an Prozessleitung, Stellantrieb/Magnetventil und SPS-Digitalausgang.
V32;1. Prozesstank Tahliye Ventil Kapat Ventil;Steuert Strömungsführung oder Absperrung für 1. Prozesstank Tahliye Ventil Kapat Ventil. Angeschlossen an Prozessleitung, Stellantrieb/Magnetventil und SPS-Digitalausgang.
V33;2. Prozesstank Tahliye Ventil Aç Ventil;Steuert Strömungsführung oder Absperrung für 2. Prozesstank Tahliye Ventil Aç Ventil. Angeschlossen an Prozessleitung, Stellantrieb/Magnetventil und SPS-Digitalausgang.
V34;2. Prozesstank Tahliye Ventil Kapat Ventil;Steuert Strömungsführung oder Absperrung für 2. Prozesstank Tahliye Ventil Kapat Ventil. Angeschlossen an Prozessleitung, Stellantrieb/Magnetventil und SPS-Digitalausgang.
V35;3. Prozesstank Tahliye Ventil Aç Ventil;Steuert Strömungsführung oder Absperrung für 3. Prozesstank Tahliye Ventil Aç Ventil. Angeschlossen an Prozessleitung, Stellantrieb/Magnetventil und SPS-Digitalausgang.
V36;3. Prozesstank Tahliye Ventil Kapat Ventil;Steuert Strömungsführung oder Absperrung für 3. Prozesstank Tahliye Ventil Kapat Ventil. Angeschlossen an Prozessleitung, Stellantrieb/Magnetventil und SPS-Digitalausgang.
V37;4. Prozesstank Tahliye Ventil Aç Ventil;Steuert Strömungsführung oder Absperrung für 4. Prozesstank Tahliye Ventil Aç Ventil. Angeschlossen an Prozessleitung, Stellantrieb/Magnetventil und SPS-Digitalausgang.
V38;4. Prozesstank Tahliye Ventil Kapat Ventil;Steuert Strömungsführung oder Absperrung für 4. Prozesstank Tahliye Ventil Kapat Ventil. Angeschlossen an Prozessleitung, Stellantrieb/Magnetventil und SPS-Digitalausgang.
V39;Zelle Boşaltma Pistonu Ventil Aç Ventil'i;Steuert Strömungsführung oder Absperrung für Zelle Boşaltma Pistonu Ventil Aç Ventil'i. Angeschlossen an Prozessleitung, Stellantrieb/Magnetventil und SPS-Digitalausgang.
V40;Zelle Boşaltma Pistonu Ventil Kapat Ventil'i;Steuert Strömungsführung oder Absperrung für Zelle Boşaltma Pistonu Ventil Kapat Ventil'i. Angeschlossen an Prozessleitung, Stellantrieb/Magnetventil und SPS-Digitalausgang.
V41;Korb Alma Kontrol Ventil 1;Steuert Strömungsführung oder Absperrung für Korb Alma Kontrol Ventil 1. Angeschlossen an Prozessleitung, Stellantrieb/Magnetventil und SPS-Digitalausgang.
V42;Korb Alma Kontol Ventil 2;Steuert Strömungsführung oder Absperrung für Korb Alma Kontol Ventil 2. Angeschlossen an Prozessleitung, Stellantrieb/Magnetventil und SPS-Digitalausgang.
V43;1. Process Tankı Deckel Pistonu Ventil;Steuert Strömungsführung oder Absperrung für 1. Process Tankı Deckel Pistonu Ventil. Angeschlossen an Prozessleitung, Stellantrieb/Magnetventil und SPS-Digitalausgang.
V44;2. Process Tankı Deckel Pistonu Ventil;Steuert Strömungsführung oder Absperrung für 2. Process Tankı Deckel Pistonu Ventil. Angeschlossen an Prozessleitung, Stellantrieb/Magnetventil und SPS-Digitalausgang.
V45;1. Process Tankı Deckel Pistonu Ventil;Steuert Strömungsführung oder Absperrung für 1. Process Tankı Deckel Pistonu Ventil. Angeschlossen an Prozessleitung, Stellantrieb/Magnetventil und SPS-Digitalausgang.
V46;2. Process Tankı Deckel Pistonu Ventil;Steuert Strömungsführung oder Absperrung für 2. Process Tankı Deckel Pistonu Ventil. Angeschlossen an Prozessleitung, Stellantrieb/Magnetventil und SPS-Digitalausgang.
V47;Ana Ventil;Steuert Strömungsführung oder Absperrung für Ana Ventil. Angeschlossen an Prozessleitung, Stellantrieb/Magnetventil und SPS-Digitalausgang.
V48;Deckel Aç Ventil'i;Steuert Strömungsführung oder Absperrung für Deckel Aç Ventil'i. Angeschlossen an Prozessleitung, Stellantrieb/Magnetventil und SPS-Digitalausgang.
V49;Deckel Kapat Ventil'i;Steuert Strömungsführung oder Absperrung für Deckel Kapat Ventil'i. Angeschlossen an Prozessleitung, Stellantrieb/Magnetventil und SPS-Digitalausgang.
V50;1. Prozesstankndan Pumpeya Saugung Stellantrieb Ventil Ventil;Steuert Strömungsführung oder Absperrung für 1. Prozesstankndan Pumpeya Saugung Stellantrieb Ventil Ventil. Angeschlossen an Prozessleitung, Stellantrieb/Magnetventil und SPS-Digitalausgang.
V51;2. Prozesstankndan Pumpeya Saugung Stellantrieb Ventil Ventil;Steuert Strömungsführung oder Absperrung für 2. Prozesstankndan Pumpeya Saugung Stellantrieb Ventil Ventil. Angeschlossen an Prozessleitung, Stellantrieb/Magnetventil und SPS-Digitalausgang.
V52;3. Prozesstankndan Pumpeya Saugung Stellantrieb Ventil Ventil;Steuert Strömungsführung oder Absperrung für 3. Prozesstankndan Pumpeya Saugung Stellantrieb Ventil Ventil. Angeschlossen an Prozessleitung, Stellantrieb/Magnetventil und SPS-Digitalausgang.
V53;4. Prozesstankndan Pumpeya Saugung Stellantrieb Ventil Ventil;Steuert Strömungsführung oder Absperrung für 4. Prozesstankndan Pumpeya Saugung Stellantrieb Ventil Ventil. Angeschlossen an Prozessleitung, Stellantrieb/Magnetventil und SPS-Digitalausgang.
V54;1. Zelleden Pumpeya Saugung Stellantrieb Ventil Ventil;Steuert Strömungsführung oder Absperrung für 1. Zelleden Pumpeya Saugung Stellantrieb Ventil Ventil. Angeschlossen an Prozessleitung, Stellantrieb/Magnetventil und SPS-Digitalausgang.
V55;2. Zelleden Pumpeya Saugung Stellantrieb Ventil Ventil;Steuert Strömungsführung oder Absperrung für 2. Zelleden Pumpeya Saugung Stellantrieb Ventil Ventil. Angeschlossen an Prozessleitung, Stellantrieb/Magnetventil und SPS-Digitalausgang.
V56;3. Zelleden Pumpeya Saugung Stellantrieb Ventil Ventil;Steuert Strömungsführung oder Absperrung für 3. Zelleden Pumpeya Saugung Stellantrieb Ventil Ventil. Angeschlossen an Prozessleitung, Stellantrieb/Magnetventil und SPS-Digitalausgang.
V57;4. Zelleden Pumpeya Saugung Stellantrieb Ventil Ventil;Steuert Strömungsführung oder Absperrung für 4. Zelleden Pumpeya Saugung Stellantrieb Ventil Ventil. Angeschlossen an Prozessleitung, Stellantrieb/Magnetventil und SPS-Digitalausgang.
V58;Egzos Hattı Stellantrieb Ventil Ventil;Steuert Strömungsführung oder Absperrung für Egzos Hattı Stellantrieb Ventil Ventil. Angeschlossen an Prozessleitung, Stellantrieb/Magnetventil und SPS-Digitalausgang.
V59;1. Proses Hattı Stellantrieb Ventil Ventil;Steuert Strömungsführung oder Absperrung für 1. Proses Hattı Stellantrieb Ventil Ventil. Angeschlossen an Prozessleitung, Stellantrieb/Magnetventil und SPS-Digitalausgang.
V60;2. Proses Hattı Stellantrieb Ventil Ventil;Steuert Strömungsführung oder Absperrung für 2. Proses Hattı Stellantrieb Ventil Ventil. Angeschlossen an Prozessleitung, Stellantrieb/Magnetventil und SPS-Digitalausgang.