KOD;COMPONENT NAME;DESCRIPTION
PE01;Pre-Wash Pump Motor;Provides liquid circulation or transfer in the process line for Pre-Wash Pump Motor. Connected to suction/discharge lines, related valves, sensors and motor control circuit.
PE02;Wash Pump Motor;Provides liquid circulation or transfer in the process line for Wash Pump Motor. Connected to suction/discharge lines, related valves, sensors and motor control circuit.
PE03;Pre-Rinse Pump Motor;Provides liquid circulation or transfer in the process line for Pre-Rinse Pump Motor. Connected to suction/discharge lines, related valves, sensors and motor control circuit.
PE04;Rinse Pump Motor;Provides liquid circulation or transfer in the process line for Rinse Pump Motor. Connected to suction/discharge lines, related valves, sensors and motor control circuit.
PE05;Automatic Drain Pump Motor;Provides liquid circulation or transfer in the process line for Automatic Drain Pump Motor. Connected to suction/discharge lines, related valves, sensors and motor control circuit.
PE06;Vacuum Pump Motor;Provides liquid circulation or transfer in the process line for Vacuum Pump Motor. Connected to suction/discharge lines, related valves, sensors and motor control circuit.
PE07;Cell Discharge Pump Motor;Provides liquid circulation or transfer in the process line for Cell Discharge Pump Motor. Connected to suction/discharge lines, related valves, sensors and motor control circuit.
PE08;Purification Outlet Pump Motor;Provides liquid circulation or transfer in the process line for Purification Outlet Pump Motor. Connected to suction/discharge lines, related valves, sensors and motor control circuit.
PE09;Purification Return Pump Motor;Provides liquid circulation or transfer in the process line for Purification Return Pump Motor. Connected to suction/discharge lines, related valves, sensors and motor control circuit.
PE10;1. Dosing Pump;Provides liquid circulation or transfer in the process line for 1. Dosing Pump. Connected to suction/discharge lines, related valves, sensors and motor control circuit.
PE11;2. Dosing Pump;Provides liquid circulation or transfer in the process line for 2. Dosing Pump. Connected to suction/discharge lines, related valves, sensors and motor control circuit.
PE12;3. Dosing Pump;Provides liquid circulation or transfer in the process line for 3. Dosing Pump. Connected to suction/discharge lines, related valves, sensors and motor control circuit.
PE13;Precision Filter Pump Motor;Provides liquid circulation or transfer in the process line for Precision Filter Pump Motor. Connected to suction/discharge lines, related valves, sensors and motor control circuit.
PE14;Oil Separator Pump Motor;Provides liquid circulation or transfer in the process line for Oil Separator Pump Motor. Connected to suction/discharge lines, related valves, sensors and motor control circuit.
PE15;xxx Pump Motor;Provides liquid circulation or transfer in the process line for xxx Pump Motor. Connected to suction/discharge lines, related valves, sensors and motor control circuit.
FE01;Exhaust Fan Motor;Regulates air flow for Exhaust Fan Motor. Connected to ducting, process line dampers/valves and motor protection circuit.
FE02;1. Drying Fan Motor;Regulates air flow for 1. Drying Fan Motor. Connected to ducting, process line dampers/valves and motor protection circuit.
FE03;2. Drying Fan Motor;Regulates air flow for 2. Drying Fan Motor. Connected to ducting, process line dampers/valves and motor protection circuit.
FE04;1. Blower Motor;Regulates air flow for 1. Blower Motor. Connected to ducting, process line dampers/valves and motor protection circuit.
FE05;2. Blower Motor;Regulates air flow for 2. Blower Motor. Connected to ducting, process line dampers/valves and motor protection circuit.
FE06;3. Blower Motor;Regulates air flow for 3. Blower Motor. Connected to ducting, process line dampers/valves and motor protection circuit.
FE07;4. Blower Motor;Regulates air flow for 4. Blower Motor. Connected to ducting, process line dampers/valves and motor protection circuit.
FE08;xxx Fan Motor;Regulates air flow for xxx Fan Motor. Connected to ducting, process line dampers/valves and motor protection circuit.
FE09;xxx Fan Motor;Regulates air flow for xxx Fan Motor. Connected to ducting, process line dampers/valves and motor protection circuit.
FE10;xxx Fan Motor;Regulates air flow for xxx Fan Motor. Connected to ducting, process line dampers/valves and motor protection circuit.
VE01;1. Vibration Motor;Applies vibration for part separation and process efficiency (1. Vibration Motor). Connected to vibration unit, mechanical assembly and motor control circuit.
VE02;2. Vibration Motor;Applies vibration for part separation and process efficiency (2. Vibration Motor). Connected to vibration unit, mechanical assembly and motor control circuit.
VE03;Vibration xxx Motor;Applies vibration for part separation and process efficiency (Vibration xxx Motor). Connected to vibration unit, mechanical assembly and motor control circuit.
VE04;Vibration xxx Motor;Applies vibration for part separation and process efficiency (Vibration xxx Motor). Connected to vibration unit, mechanical assembly and motor control circuit.
VE05;Vibration xxx Motor;Applies vibration for part separation and process efficiency (Vibration xxx Motor). Connected to vibration unit, mechanical assembly and motor control circuit.
GE01;Basket Gear Motor;Provides mechanical drive motion for Basket Gear Motor. Connected to driven assembly, position/limit feedback and motor control circuit.
GE02;Tambur Gear Motor;Provides mechanical drive motion for Tambur Gear Motor. Connected to driven assembly, position/limit feedback and motor control circuit.
GE03;Automatic Loading Motor;Provides mechanical drive motion for Automatic Loading Motor. Connected to driven assembly, position/limit feedback and motor control circuit.
GE04;Kapı Gear Motor;Provides mechanical drive motion for Kapı Gear Motor. Connected to driven assembly, position/limit feedback and motor control circuit.
GE05;1. Conveyor Gear Motor;Provides mechanical drive motion for 1. Conveyor Gear Motor. Connected to driven assembly, position/limit feedback and motor control circuit.
GE06;1. Oil Scraper Gear Motor;Provides mechanical drive motion for 1. Oil Scraper Gear Motor. Connected to driven assembly, position/limit feedback and motor control circuit.
GE07;2. Oil Scraper Gear Motor;Provides mechanical drive motion for 2. Oil Scraper Gear Motor. Connected to driven assembly, position/limit feedback and motor control circuit.
GE08;1. Yükleme( Conveyor) Gear Motor;Provides mechanical drive motion for 1. Yükleme( Conveyor) Gear Motor. Connected to driven assembly, position/limit feedback and motor control circuit.
GE09;2. Yükleme (Conveyor) Gear Motor;Provides mechanical drive motion for 2. Yükleme (Conveyor) Gear Motor. Connected to driven assembly, position/limit feedback and motor control circuit.
GE10;xxx Gear Motor;Provides mechanical drive motion for xxx Gear Motor. Connected to driven assembly, position/limit feedback and motor control circuit.
R01;1. Process Tank 1. Heater;Provides heating for 1. Process Tank 1. Heater. Connected to temperature sensor, SSR/contactor and PLC heat control circuit.
R02;1. Process Tank 2. Heater;Provides heating for 1. Process Tank 2. Heater. Connected to temperature sensor, SSR/contactor and PLC heat control circuit.
R03;1. Process Tank 3. Heater;Provides heating for 1. Process Tank 3. Heater. Connected to temperature sensor, SSR/contactor and PLC heat control circuit.
R04;1. Process Tank 4. Heater;Provides heating for 1. Process Tank 4. Heater. Connected to temperature sensor, SSR/contactor and PLC heat control circuit.
R05;1. Process Tank 5. Heater;Provides heating for 1. Process Tank 5. Heater. Connected to temperature sensor, SSR/contactor and PLC heat control circuit.
R06;2. Process Tank 1. Heater;Provides heating for 2. Process Tank 1. Heater. Connected to temperature sensor, SSR/contactor and PLC heat control circuit.
R07;2. Process Tank 2. Heater;Provides heating for 2. Process Tank 2. Heater. Connected to temperature sensor, SSR/contactor and PLC heat control circuit.
R08;2. Process Tank 3. Heater;Provides heating for 2. Process Tank 3. Heater. Connected to temperature sensor, SSR/contactor and PLC heat control circuit.
R09;2. Process Tank 4. Heater;Provides heating for 2. Process Tank 4. Heater. Connected to temperature sensor, SSR/contactor and PLC heat control circuit.
R10;2. Process Tank 5. Heater;Provides heating for 2. Process Tank 5. Heater. Connected to temperature sensor, SSR/contactor and PLC heat control circuit.
R11;3. Process Tank 1. Heater;Provides heating for 3. Process Tank 1. Heater. Connected to temperature sensor, SSR/contactor and PLC heat control circuit.
R12;3. Process Tank 2. Heater;Provides heating for 3. Process Tank 2. Heater. Connected to temperature sensor, SSR/contactor and PLC heat control circuit.
R13;3. Process Tank 3. Heater;Provides heating for 3. Process Tank 3. Heater. Connected to temperature sensor, SSR/contactor and PLC heat control circuit.
R14;3. Process Tank 4. Heater;Provides heating for 3. Process Tank 4. Heater. Connected to temperature sensor, SSR/contactor and PLC heat control circuit.
R15;3. Process Tank 5. Heater;Provides heating for 3. Process Tank 5. Heater. Connected to temperature sensor, SSR/contactor and PLC heat control circuit.
R16;4. Process Tank 1. Heater;Provides heating for 4. Process Tank 1. Heater. Connected to temperature sensor, SSR/contactor and PLC heat control circuit.
R17;4. Process Tank 2. Heater;Provides heating for 4. Process Tank 2. Heater. Connected to temperature sensor, SSR/contactor and PLC heat control circuit.
R18;4. Process Tank 3. Heater;Provides heating for 4. Process Tank 3. Heater. Connected to temperature sensor, SSR/contactor and PLC heat control circuit.
R19;4. Process Tank 4. Heater;Provides heating for 4. Process Tank 4. Heater. Connected to temperature sensor, SSR/contactor and PLC heat control circuit.
R20;4. Process Tank 5. Heater;Provides heating for 4. Process Tank 5. Heater. Connected to temperature sensor, SSR/contactor and PLC heat control circuit.
R21;1. Drying Heater Group;Provides heating for 1. Drying Heater Group. Connected to temperature sensor, SSR/contactor and PLC heat control circuit.
R22;2. Drying Heater Group;Provides heating for 2. Drying Heater Group. Connected to temperature sensor, SSR/contactor and PLC heat control circuit.
R23;3. Drying Heater Group;Provides heating for 3. Drying Heater Group. Connected to temperature sensor, SSR/contactor and PLC heat control circuit.
R24;4. Drying Heater Group;Provides heating for 4. Drying Heater Group. Connected to temperature sensor, SSR/contactor and PLC heat control circuit.
R25;5. Drying Heater Group;Provides heating for 5. Drying Heater Group. Connected to temperature sensor, SSR/contactor and PLC heat control circuit.
R26;6. Drying Heater Group;Provides heating for 6. Drying Heater Group. Connected to temperature sensor, SSR/contactor and PLC heat control circuit.
R27;xxx Heater;Provides heating for xxx Heater. Connected to temperature sensor, SSR/contactor and PLC heat control circuit.
R28;xxx Heater;Provides heating for xxx Heater. Connected to temperature sensor, SSR/contactor and PLC heat control circuit.
R29;xxx Heater;Provides heating for xxx Heater. Connected to temperature sensor, SSR/contactor and PLC heat control circuit.
R30;xxx Heater;Provides heating for xxx Heater. Connected to temperature sensor, SSR/contactor and PLC heat control circuit.
TD01;1. Process Tank Ultrasonic Generator Set;Powers ultrasonic cleaning generator set for 1. Process Tank Ultrasonic Generator Set. Connected to transducer, process tank and PLC process control circuit.
TD02;2. Process Tank Ultrasonic Generator Set;Powers ultrasonic cleaning generator set for 2. Process Tank Ultrasonic Generator Set. Connected to transducer, process tank and PLC process control circuit.
TD03;3. Process Tank Ultrasonic Generator Set;Powers ultrasonic cleaning generator set for 3. Process Tank Ultrasonic Generator Set. Connected to transducer, process tank and PLC process control circuit.
TD04;4. Process Tank Ultrasonic Generator Set;Powers ultrasonic cleaning generator set for 4. Process Tank Ultrasonic Generator Set. Connected to transducer, process tank and PLC process control circuit.
TD05;5. Process Tank Ultrasonic Generator Set;Powers ultrasonic cleaning generator set for 5. Process Tank Ultrasonic Generator Set. Connected to transducer, process tank and PLC process control circuit.
TD06;6. Process Tank Ultrasonic Generator Set;Powers ultrasonic cleaning generator set for 6. Process Tank Ultrasonic Generator Set. Connected to transducer, process tank and PLC process control circuit.
TD07;7. Process Tank Ultrasonic Generator Set;Powers ultrasonic cleaning generator set for 7. Process Tank Ultrasonic Generator Set. Connected to transducer, process tank and PLC process control circuit.
TD08;8. Process Tank Ultrasonic Generator Set;Powers ultrasonic cleaning generator set for 8. Process Tank Ultrasonic Generator Set. Connected to transducer, process tank and PLC process control circuit.
TD09;9. Process Tank Ultrasonic Generator Set;Powers ultrasonic cleaning generator set for 9. Process Tank Ultrasonic Generator Set. Connected to transducer, process tank and PLC process control circuit.
TD10;10. Process Tank Ultrasonic Generator Set;Powers ultrasonic cleaning generator set for 10. Process Tank Ultrasonic Generator Set. Connected to transducer, process tank and PLC process control circuit.
L01;Stack Light - Warning Light;Provides visual indication or lighting for Stack Light - Warning Light. Connected to supply and PLC/control circuit.
L02;Cell Interior Light;Provides visual indication or lighting for Cell Interior Light. Connected to supply and PLC/control circuit.
L03;Panel Light;Provides visual indication or lighting for Panel Light. Connected to supply and PLC/control circuit.
L04;xxx Lamp;Provides visual indication or lighting for xxx Lamp. Connected to supply and PLC/control circuit.
L05;xxx Lamp;Provides visual indication or lighting for xxx Lamp. Connected to supply and PLC/control circuit.
LS01;1. Process Tank Low Level Sensor;Monitors liquid level for 1. Process Tank Low Level Sensor. Connected to tank/line, fill/drain valves, pump interlock and PLC digital input.
LS02;1. Process Tank Mid Level Sensor;Monitors liquid level for 1. Process Tank Mid Level Sensor. Connected to tank/line, fill/drain valves, pump interlock and PLC digital input.
LS03;1. Process Tank High Level Sensor;Monitors liquid level for 1. Process Tank High Level Sensor. Connected to tank/line, fill/drain valves, pump interlock and PLC digital input.
LS04;2. Process Tank Low Level Sensor;Monitors liquid level for 2. Process Tank Low Level Sensor. Connected to tank/line, fill/drain valves, pump interlock and PLC digital input.
LS05;2. Process Tank Mid Level Sensor;Monitors liquid level for 2. Process Tank Mid Level Sensor. Connected to tank/line, fill/drain valves, pump interlock and PLC digital input.
LS06;2. Process Tank High Level Sensor;Monitors liquid level for 2. Process Tank High Level Sensor. Connected to tank/line, fill/drain valves, pump interlock and PLC digital input.
LS07;3. Process Tank Low Level Sensor;Monitors liquid level for 3. Process Tank Low Level Sensor. Connected to tank/line, fill/drain valves, pump interlock and PLC digital input.
LS08;3. Process Tank Mid Level Sensor;Monitors liquid level for 3. Process Tank Mid Level Sensor. Connected to tank/line, fill/drain valves, pump interlock and PLC digital input.
LS09;3. Process Tank High Level Sensor;Monitors liquid level for 3. Process Tank High Level Sensor. Connected to tank/line, fill/drain valves, pump interlock and PLC digital input.
LS10;4. Process Tank Low Level Sensor;Monitors liquid level for 4. Process Tank Low Level Sensor. Connected to tank/line, fill/drain valves, pump interlock and PLC digital input.
LS11;4. Process Tank Mid Level Sensor;Monitors liquid level for 4. Process Tank Mid Level Sensor. Connected to tank/line, fill/drain valves, pump interlock and PLC digital input.
LS12;4. Process Tank High Level Sensor;Monitors liquid level for 4. Process Tank High Level Sensor. Connected to tank/line, fill/drain valves, pump interlock and PLC digital input.
LS13;Cell İçi 1. Level Sensor;Monitors liquid level for Cell İçi 1. Level Sensor. Connected to tank/line, fill/drain valves, pump interlock and PLC digital input.
LS14;Cell İçi 2. Level Sensor;Monitors liquid level for Cell İçi 2. Level Sensor. Connected to tank/line, fill/drain valves, pump interlock and PLC digital input.
LS15;Cell İçi 3. Level Sensor;Monitors liquid level for Cell İçi 3. Level Sensor. Connected to tank/line, fill/drain valves, pump interlock and PLC digital input.
LS16;Cell İçi 4. Level Sensor;Monitors liquid level for Cell İçi 4. Level Sensor. Connected to tank/line, fill/drain valves, pump interlock and PLC digital input.
LS17;Drain Hattı 1. Level Sensor;Monitors liquid level for Drain Hattı 1. Level Sensor. Connected to tank/line, fill/drain valves, pump interlock and PLC digital input.
LS18;Drain Hattı 2. Level Sensor;Monitors liquid level for Drain Hattı 2. Level Sensor. Connected to tank/line, fill/drain valves, pump interlock and PLC digital input.
LS19;Drain Hattı 3. Level Sensor;Monitors liquid level for Drain Hattı 3. Level Sensor. Connected to tank/line, fill/drain valves, pump interlock and PLC digital input.
LS20;Drain Hattı 4. Level Sensor;Monitors liquid level for Drain Hattı 4. Level Sensor. Connected to tank/line, fill/drain valves, pump interlock and PLC digital input.
LS21;Vakum Pump Tank High Level Sensor;Monitors liquid level for Vakum Pump Tank High Level Sensor. Connected to tank/line, fill/drain valves, pump interlock and PLC digital input.
LS22;Vakum Pump Tank Low Level Sensor;Monitors liquid level for Vakum Pump Tank Low Level Sensor. Connected to tank/line, fill/drain valves, pump interlock and PLC digital input.
LS23;1. Dosing Pump Level Sensor;Monitors liquid level for 1. Dosing Pump Level Sensor. Connected to tank/line, fill/drain valves, pump interlock and PLC digital input.
LS24;2. Dosing Pump Level Sensor;Monitors liquid level for 2. Dosing Pump Level Sensor. Connected to tank/line, fill/drain valves, pump interlock and PLC digital input.
LS25;3. Dosing Pump Level Sensor;Monitors liquid level for 3. Dosing Pump Level Sensor. Connected to tank/line, fill/drain valves, pump interlock and PLC digital input.
LS26;Sızıntı Tavası Uyarı Level Sensor;Monitors liquid level for Sızıntı Tavası Uyarı Level Sensor. Connected to tank/line, fill/drain valves, pump interlock and PLC digital input.
LS27;xxx Level Sensor;Monitors liquid level for xxx Level Sensor. Connected to tank/line, fill/drain valves, pump interlock and PLC digital input.
LS28;xxx Level Sensor;Monitors liquid level for xxx Level Sensor. Connected to tank/line, fill/drain valves, pump interlock and PLC digital input.
LS29;xxx Level Sensor;Monitors liquid level for xxx Level Sensor. Connected to tank/line, fill/drain valves, pump interlock and PLC digital input.
LS30;xxx Level Sensor;Monitors liquid level for xxx Level Sensor. Connected to tank/line, fill/drain valves, pump interlock and PLC digital input.
SS01;Hand Protection Sensor;Monitors safety/access status for Hand Protection Sensor. Connected to interlock circuit and PLC safety input.
SS02;Interlock Lock;Monitors safety/access status for Interlock Lock. Connected to interlock circuit and PLC safety input.
SS03;Light Barrier Safety Sensor;Monitors safety/access status for Light Barrier Safety Sensor. Connected to interlock circuit and PLC safety input.
SS04;Interlock Lock Sensor;Monitors safety/access status for Interlock Lock Sensor. Connected to interlock circuit and PLC safety input.
SS05;1. LID RFID SENSOR;Monitors safety/access status for 1. LID RFID SENSOR. Connected to interlock circuit and PLC safety input.
SS06;2. LID RFID SENSOR;Monitors safety/access status for 2. LID RFID SENSOR. Connected to interlock circuit and PLC safety input.
SS07;3. LID RFID SENSOR;Monitors safety/access status for 3. LID RFID SENSOR. Connected to interlock circuit and PLC safety input.
SS08;4. LID RFID SENSOR;Monitors safety/access status for 4. LID RFID SENSOR. Connected to interlock circuit and PLC safety input.
SS09;5. LID RFID SENSOR;Monitors safety/access status for 5. LID RFID SENSOR. Connected to interlock circuit and PLC safety input.
SS10;6. LID RFID SENSOR;Monitors safety/access status for 6. LID RFID SENSOR. Connected to interlock circuit and PLC safety input.
SS11;7. LID RFID SENSOR;Monitors safety/access status for 7. LID RFID SENSOR. Connected to interlock circuit and PLC safety input.
PRS01;Basket Position 1 Sensor;Detects equipment/part position for Basket Position 1 Sensor. Connected to mechanical unit and PLC digital input.
PRS02;Basket Position 2 Sensor;Detects equipment/part position for Basket Position 2 Sensor. Connected to mechanical unit and PLC digital input.
PRS03;1. Conveyor Giriş Proximity Sensor;Detects equipment/part position for 1. Conveyor Giriş Proximity Sensor. Connected to mechanical unit and PLC digital input.
PRS04;2. Conveyor Giriş Proximity Sensor;Detects equipment/part position for 2. Conveyor Giriş Proximity Sensor. Connected to mechanical unit and PLC digital input.
PRS05;3. Conveyor Giriş Proximity Sensor;Detects equipment/part position for 3. Conveyor Giriş Proximity Sensor. Connected to mechanical unit and PLC digital input.
PRS06;1. Conveyor Çıkış Proximity Sensor;Detects equipment/part position for 1. Conveyor Çıkış Proximity Sensor. Connected to mechanical unit and PLC digital input.
PRS07;2. Conveyor Çıkış Proximity Sensor;Detects equipment/part position for 2. Conveyor Çıkış Proximity Sensor. Connected to mechanical unit and PLC digital input.
PRS08;3. Conveyor Çıkış Proximity Sensor;Detects equipment/part position for 3. Conveyor Çıkış Proximity Sensor. Connected to mechanical unit and PLC digital input.
PRS09;xxx Proximity Sensor;Detects equipment/part position for xxx Proximity Sensor. Connected to mechanical unit and PLC digital input.
PRS10;xxx Proximity Sensor;Detects equipment/part position for xxx Proximity Sensor. Connected to mechanical unit and PLC digital input.
SWB01;1. Proses Pump Suction Actuator Valve Switch Box;Collects open/closed position feedback from field actuator for 1. Proses Pump Suction Actuator Valve Switch Box. Connected to actuator valve, solenoid and PLC digital input.
SWB02;2. Proses Pump Suction Actuator Valve Switch Box;Collects open/closed position feedback from field actuator for 2. Proses Pump Suction Actuator Valve Switch Box. Connected to actuator valve, solenoid and PLC digital input.
SWB03;3. Proses Pump Suction Actuator Valve Switch Box;Collects open/closed position feedback from field actuator for 3. Proses Pump Suction Actuator Valve Switch Box. Connected to actuator valve, solenoid and PLC digital input.
SWB04;4. Proses Pump Suction Actuator Valve Switch Box;Collects open/closed position feedback from field actuator for 4. Proses Pump Suction Actuator Valve Switch Box. Connected to actuator valve, solenoid and PLC digital input.
SWB05;Conta Şişirme Aktüator Valve Switch Box;Collects open/closed position feedback from field actuator for Conta Şişirme Aktüator Valve Switch Box. Connected to actuator valve, solenoid and PLC digital input.
SWB06;Conta Söndürme Aktüator Valve Switch Box;Collects open/closed position feedback from field actuator for Conta Söndürme Aktüator Valve Switch Box. Connected to actuator valve, solenoid and PLC digital input.
SWB07;1. Drying Hattı Aktüator Valve Switch Box;Collects open/closed position feedback from field actuator for 1. Drying Hattı Aktüator Valve Switch Box. Connected to actuator valve, solenoid and PLC digital input.
SWB08;2. Drying Hattı Aktüator Valve Switch Box;Collects open/closed position feedback from field actuator for 2. Drying Hattı Aktüator Valve Switch Box. Connected to actuator valve, solenoid and PLC digital input.
SWB09;Cell Drain Actuator Valve Switch Box;Collects open/closed position feedback from field actuator for Cell Drain Actuator Valve Switch Box. Connected to actuator valve, solenoid and PLC digital input.
SWB10;Cell Suction Actuator Valve Switch Box;Collects open/closed position feedback from field actuator for Cell Suction Actuator Valve Switch Box. Connected to actuator valve, solenoid and PLC digital input.
SWB11;Proses Ana Geri Dönüş Actuator Valve Switch Box;Collects open/closed position feedback from field actuator for Proses Ana Geri Dönüş Actuator Valve Switch Box. Connected to actuator valve, solenoid and PLC digital input.
SWB12;Hat Temizleme Actuator Valve Switch Box;Collects open/closed position feedback from field actuator for Hat Temizleme Actuator Valve Switch Box. Connected to actuator valve, solenoid and PLC digital input.
SWB13;By-Pass Hattı Actuator Valve Switch Box;Collects open/closed position feedback from field actuator for By-Pass Hattı Actuator Valve Switch Box. Connected to actuator valve, solenoid and PLC digital input.
SWB14;Ana Wash Nozul Actuator Valve Switch Box;Collects open/closed position feedback from field actuator for Ana Wash Nozul Actuator Valve Switch Box. Connected to actuator valve, solenoid and PLC digital input.
SWB15;Suction Kollektör Temizleme Actuator Valve Switch Box;Collects open/closed position feedback from field actuator for Suction Kollektör Temizleme Actuator Valve Switch Box. Connected to actuator valve, solenoid and PLC digital input.
SWB16;1. Proses Geri Dönüş Actuator Valve Switch Box;Collects open/closed position feedback from field actuator for 1. Proses Geri Dönüş Actuator Valve Switch Box. Connected to actuator valve, solenoid and PLC digital input.
SWB17;2. Proses Geri Dönüş Actuator Valve Switch Box;Collects open/closed position feedback from field actuator for 2. Proses Geri Dönüş Actuator Valve Switch Box. Connected to actuator valve, solenoid and PLC digital input.
SWB18;3. Proses Geri Dönüş Actuator Valve Switch Box;Collects open/closed position feedback from field actuator for 3. Proses Geri Dönüş Actuator Valve Switch Box. Connected to actuator valve, solenoid and PLC digital input.
SWB19;4. Proses Geri Dönüş Actuator Valve Switch Box;Collects open/closed position feedback from field actuator for 4. Proses Geri Dönüş Actuator Valve Switch Box. Connected to actuator valve, solenoid and PLC digital input.
SWB20;1. Process Tank Oto. Dolum Actuator Valve Switch Box;Collects open/closed position feedback from field actuator for 1. Process Tank Oto. Dolum Actuator Valve Switch Box. Connected to actuator valve, solenoid and PLC digital input.
SWB21;2. Process Tank Oto. Dolum Actuator Valve Switch Box;Collects open/closed position feedback from field actuator for 2. Process Tank Oto. Dolum Actuator Valve Switch Box. Connected to actuator valve, solenoid and PLC digital input.
SWB22;3. Process Tank Oto. Dolum Actuator Valve Switch Box;Collects open/closed position feedback from field actuator for 3. Process Tank Oto. Dolum Actuator Valve Switch Box. Connected to actuator valve, solenoid and PLC digital input.
SWB23;4. Process Tank Oto. Dolum Actuator Valve Switch Box;Collects open/closed position feedback from field actuator for 4. Process Tank Oto. Dolum Actuator Valve Switch Box. Connected to actuator valve, solenoid and PLC digital input.
SWB24;1. Process Tank Kaskat Actuator Valve Switch Box;Collects open/closed position feedback from field actuator for 1. Process Tank Kaskat Actuator Valve Switch Box. Connected to actuator valve, solenoid and PLC digital input.
SWB25;2. Process Tank Kaskat Actuator Valve Switch Box;Collects open/closed position feedback from field actuator for 2. Process Tank Kaskat Actuator Valve Switch Box. Connected to actuator valve, solenoid and PLC digital input.
SWB26;3. Process Tank Kaskat Actuator Valve Switch Box;Collects open/closed position feedback from field actuator for 3. Process Tank Kaskat Actuator Valve Switch Box. Connected to actuator valve, solenoid and PLC digital input.
SWB27;1. Tank Drain Actuator Valve Switch Box;Collects open/closed position feedback from field actuator for 1. Tank Drain Actuator Valve Switch Box. Connected to actuator valve, solenoid and PLC digital input.
SWB28;2. Tank Drain Actuator Valve Switch Box;Collects open/closed position feedback from field actuator for 2. Tank Drain Actuator Valve Switch Box. Connected to actuator valve, solenoid and PLC digital input.
SWB29;3. Tank Drain Actuator Valve Switch Box;Collects open/closed position feedback from field actuator for 3. Tank Drain Actuator Valve Switch Box. Connected to actuator valve, solenoid and PLC digital input.
SWB30;Arıtma Dönüş Actuator Valve Switch Box;Collects open/closed position feedback from field actuator for Arıtma Dönüş Actuator Valve Switch Box. Connected to actuator valve, solenoid and PLC digital input.
SWB31;1. Eşanjör Gidiş Actuator Valve Switch Box;Collects open/closed position feedback from field actuator for 1. Eşanjör Gidiş Actuator Valve Switch Box. Connected to actuator valve, solenoid and PLC digital input.
SWB32;1. Tank İçi Wash Actuator Valve Switch Box;Collects open/closed position feedback from field actuator for 1. Tank İçi Wash Actuator Valve Switch Box. Connected to actuator valve, solenoid and PLC digital input.
SWB33;2. Tank İçi Wash Actuator Valve Switch Box;Collects open/closed position feedback from field actuator for 2. Tank İçi Wash Actuator Valve Switch Box. Connected to actuator valve, solenoid and PLC digital input.
SWB34;3. Tank İçi Wash Actuator Valve Switch Box;Collects open/closed position feedback from field actuator for 3. Tank İçi Wash Actuator Valve Switch Box. Connected to actuator valve, solenoid and PLC digital input.
SWB35;Şebeke Suyu ile Rinse Actuator Valve Switch Box;Collects open/closed position feedback from field actuator for Şebeke Suyu ile Rinse Actuator Valve Switch Box. Connected to actuator valve, solenoid and PLC digital input.
SWB36;Basket Alma Kontrol Switch Box 1;Collects open/closed position feedback from field actuator for Basket Alma Kontrol Switch Box 1. Connected to actuator valve, solenoid and PLC digital input.
SWB37;Basket Alma Kontrol Switch Box 2;Collects open/closed position feedback from field actuator for Basket Alma Kontrol Switch Box 2. Connected to actuator valve, solenoid and PLC digital input.
SWB38;1. Process Tankndan Pumpya Suction Actuator Valve Switchbox;Collects open/closed position feedback from field actuator for 1. Process Tankndan Pumpya Suction Actuator Valve Switchbox. Connected to actuator valve, solenoid and PLC digital input.
SWB39;2. Process Tankndan Pumpya Suction Actuator Valve Switchbox;Collects open/closed position feedback from field actuator for 2. Process Tankndan Pumpya Suction Actuator Valve Switchbox. Connected to actuator valve, solenoid and PLC digital input.
SWB40;1. Cellden Pumpya Suction Actuator Valve Switchbox;Collects open/closed position feedback from field actuator for 1. Cellden Pumpya Suction Actuator Valve Switchbox. Connected to actuator valve, solenoid and PLC digital input.
SWB41;2. Cellden Pumpya Suction Actuator Valve Switchbox;Collects open/closed position feedback from field actuator for 2. Cellden Pumpya Suction Actuator Valve Switchbox. Connected to actuator valve, solenoid and PLC digital input.
SWB42;1. Proses Hattı Actuator Valve Switchbox;Collects open/closed position feedback from field actuator for 1. Proses Hattı Actuator Valve Switchbox. Connected to actuator valve, solenoid and PLC digital input.
SWB43;2. Proses Hattı Actuator Valve Switchbox;Collects open/closed position feedback from field actuator for 2. Proses Hattı Actuator Valve Switchbox. Connected to actuator valve, solenoid and PLC digital input.
SWB44;Hat Temizleme Actuator Valve Switchbox;Collects open/closed position feedback from field actuator for Hat Temizleme Actuator Valve Switchbox. Connected to actuator valve, solenoid and PLC digital input.
SWB45;Egzos Hattı Actuator Valve Switchbox;Collects open/closed position feedback from field actuator for Egzos Hattı Actuator Valve Switchbox. Connected to actuator valve, solenoid and PLC digital input.
SW01;Cell Lid Açık Konumda Switch;Provides mechanical position feedback for Cell Lid Açık Konumda Switch. Connected to driven equipment and PLC digital input.
SW02;Cell Lid Kapalı Konumda Switch;Provides mechanical position feedback for Cell Lid Kapalı Konumda Switch. Connected to driven equipment and PLC digital input.
SW03;1. Process Tank Kapağı Açık Konumda Switch;Provides mechanical position feedback for 1. Process Tank Kapağı Açık Konumda Switch. Connected to driven equipment and PLC digital input.
SW04;1. Process Tank Kapağı Kapalı Konumda Switch;Provides mechanical position feedback for 1. Process Tank Kapağı Kapalı Konumda Switch. Connected to driven equipment and PLC digital input.
SW05;2. Process Tank Kapağı Açık Konumda Switch;Provides mechanical position feedback for 2. Process Tank Kapağı Açık Konumda Switch. Connected to driven equipment and PLC digital input.
SW06;2. Process Tank Kapağı Kapalı Konumda Switch;Provides mechanical position feedback for 2. Process Tank Kapağı Kapalı Konumda Switch. Connected to driven equipment and PLC digital input.
SW07;3. Process Tank Kapağı Açık Konumda Switch;Provides mechanical position feedback for 3. Process Tank Kapağı Açık Konumda Switch. Connected to driven equipment and PLC digital input.
SW08;3. Process Tank Kapağı Kapalı Konumda Switch;Provides mechanical position feedback for 3. Process Tank Kapağı Kapalı Konumda Switch. Connected to driven equipment and PLC digital input.
SW09;4. Process Tank Kapağı Açık Konumda Switch;Provides mechanical position feedback for 4. Process Tank Kapağı Açık Konumda Switch. Connected to driven equipment and PLC digital input.
SW10;4. Process Tank Kapağı Kapalı Konumda Switch;Provides mechanical position feedback for 4. Process Tank Kapağı Kapalı Konumda Switch. Connected to driven equipment and PLC digital input.
SW11;Basket 1. Pozisyon Switch;Provides mechanical position feedback for Basket 1. Pozisyon Switch. Connected to driven equipment and PLC digital input.
SW12;Basket 2. Pozisyon Switch;Provides mechanical position feedback for Basket 2. Pozisyon Switch. Connected to driven equipment and PLC digital input.
SW13;1. Flow Switch;Provides mechanical position feedback for 1. Flow Switch. Connected to driven equipment and PLC digital input.
SW14;2. Flow Switch;Provides mechanical position feedback for 2. Flow Switch. Connected to driven equipment and PLC digital input.
SW15;3. Flow Switch;Provides mechanical position feedback for 3. Flow Switch. Connected to driven equipment and PLC digital input.
SW16;4. Flow Switch;Provides mechanical position feedback for 4. Flow Switch. Connected to driven equipment and PLC digital input.
SW17;xxx Switch;Provides mechanical position feedback for xxx Switch. Connected to driven equipment and PLC digital input.
SW18;Cell Kapağı Kontrol Switch;Provides mechanical position feedback for Cell Kapağı Kontrol Switch. Connected to driven equipment and PLC digital input.
SW19;xxx Switch;Provides mechanical position feedback for xxx Switch. Connected to driven equipment and PLC digital input.
SW20;xxx Switch;Provides mechanical position feedback for xxx Switch. Connected to driven equipment and PLC digital input.
PPS01;Ana Cell Lid Pistonu Açık Sensor;Provides pneumatic cylinder position feedback for Ana Cell Lid Pistonu Açık Sensor. Connected to cylinder valve, solenoid and PLC digital input.
PPS02;Ana Cell Lid Pistonu Kapalı Sensor;Provides pneumatic cylinder position feedback for Ana Cell Lid Pistonu Kapalı Sensor. Connected to cylinder valve, solenoid and PLC digital input.
PPS03;1. Process Tank 1. Yönlendirme Pistonu Açık Sensor;Provides pneumatic cylinder position feedback for 1. Process Tank 1. Yönlendirme Pistonu Açık Sensor. Connected to cylinder valve, solenoid and PLC digital input.
PPS04;1. Process Tank 1. Yönlendirme Pistonu Kapalı Sensor;Provides pneumatic cylinder position feedback for 1. Process Tank 1. Yönlendirme Pistonu Kapalı Sensor. Connected to cylinder valve, solenoid and PLC digital input.
PPS05;1. Process Tank 2. Yönlendirme Pistonu Açık Sensor;Provides pneumatic cylinder position feedback for 1. Process Tank 2. Yönlendirme Pistonu Açık Sensor. Connected to cylinder valve, solenoid and PLC digital input.
PPS06;1. Process Tank 2. Yönlendirme Pistonu Kapalı Sensor;Provides pneumatic cylinder position feedback for 1. Process Tank 2. Yönlendirme Pistonu Kapalı Sensor. Connected to cylinder valve, solenoid and PLC digital input.
PPS07;2. Process Tank 1. Yönlendirme Pistonu Açık Sensor;Provides pneumatic cylinder position feedback for 2. Process Tank 1. Yönlendirme Pistonu Açık Sensor. Connected to cylinder valve, solenoid and PLC digital input.
PPS08;2. Process Tank 1. Yönlendirme Pistonu Kapalı Sensor;Provides pneumatic cylinder position feedback for 2. Process Tank 1. Yönlendirme Pistonu Kapalı Sensor. Connected to cylinder valve, solenoid and PLC digital input.
PPS09;2. Process Tank 2. Yönlendirme Pistonu Açık Sensor;Provides pneumatic cylinder position feedback for 2. Process Tank 2. Yönlendirme Pistonu Açık Sensor. Connected to cylinder valve, solenoid and PLC digital input.
PPS10;2. Process Tank 2. Yönlendirme Pistonu Kapalı Sensor;Provides pneumatic cylinder position feedback for 2. Process Tank 2. Yönlendirme Pistonu Kapalı Sensor. Connected to cylinder valve, solenoid and PLC digital input.
PPS11;Cell Discharge Pistonu Açık Sensor;Provides pneumatic cylinder position feedback for Cell Discharge Pistonu Açık Sensor. Connected to cylinder valve, solenoid and PLC digital input.
PPS12;Cell Discharge Pistonu Kapalı Sensor;Provides pneumatic cylinder position feedback for Cell Discharge Pistonu Kapalı Sensor. Connected to cylinder valve, solenoid and PLC digital input.
PPS13;1. Process Tank Lift Pistonu Açık Sensor;Provides pneumatic cylinder position feedback for 1. Process Tank Lift Pistonu Açık Sensor. Connected to cylinder valve, solenoid and PLC digital input.
PPS14;1. Process Tank Lift Pistonu Ara Sensor;Provides pneumatic cylinder position feedback for 1. Process Tank Lift Pistonu Ara Sensor. Connected to cylinder valve, solenoid and PLC digital input.
PPS15;1. Process Tank Lift Pistonu Kapalı Sensor;Provides pneumatic cylinder position feedback for 1. Process Tank Lift Pistonu Kapalı Sensor. Connected to cylinder valve, solenoid and PLC digital input.
PPS16;2. Process Tank Lift Pistonu Açık Sensor;Provides pneumatic cylinder position feedback for 2. Process Tank Lift Pistonu Açık Sensor. Connected to cylinder valve, solenoid and PLC digital input.
PPS17;2. Process Tank Lift Pistonu Ara Sensor;Provides pneumatic cylinder position feedback for 2. Process Tank Lift Pistonu Ara Sensor. Connected to cylinder valve, solenoid and PLC digital input.
PPS18;2. Process Tank Lift Pistonu Kapalı Sensor;Provides pneumatic cylinder position feedback for 2. Process Tank Lift Pistonu Kapalı Sensor. Connected to cylinder valve, solenoid and PLC digital input.
PPS19;3. Process Tank Lift Pistonu Açık Sensor;Provides pneumatic cylinder position feedback for 3. Process Tank Lift Pistonu Açık Sensor. Connected to cylinder valve, solenoid and PLC digital input.
PPS20;3. Process Tank Lift Pistonu Ara Sensor;Provides pneumatic cylinder position feedback for 3. Process Tank Lift Pistonu Ara Sensor. Connected to cylinder valve, solenoid and PLC digital input.
PPS21;3. Process Tank Lift Pistonu Kapalı Sensor;Provides pneumatic cylinder position feedback for 3. Process Tank Lift Pistonu Kapalı Sensor. Connected to cylinder valve, solenoid and PLC digital input.
PPS22;4. Process Tank Lift Pistonu Açık Sensor;Provides pneumatic cylinder position feedback for 4. Process Tank Lift Pistonu Açık Sensor. Connected to cylinder valve, solenoid and PLC digital input.
PPS23;4. Process Tank Lift Pistonu Ara Sensor;Provides pneumatic cylinder position feedback for 4. Process Tank Lift Pistonu Ara Sensor. Connected to cylinder valve, solenoid and PLC digital input.
PPS24;4. Process Tank Lift Pistonu Kapalı Sensor;Provides pneumatic cylinder position feedback for 4. Process Tank Lift Pistonu Kapalı Sensor. Connected to cylinder valve, solenoid and PLC digital input.
PPS25;3. Process Tank 1. Yönlendirme Pistonu Açık Sensor;Provides pneumatic cylinder position feedback for 3. Process Tank 1. Yönlendirme Pistonu Açık Sensor. Connected to cylinder valve, solenoid and PLC digital input.
PPS26;3. Process Tank 1. Yönlendirme Pistonu Kapalı Sensor;Provides pneumatic cylinder position feedback for 3. Process Tank 1. Yönlendirme Pistonu Kapalı Sensor. Connected to cylinder valve, solenoid and PLC digital input.
PPS27;3. Process Tank 2. Yönlendirme Pistonu Açık Sensor;Provides pneumatic cylinder position feedback for 3. Process Tank 2. Yönlendirme Pistonu Açık Sensor. Connected to cylinder valve, solenoid and PLC digital input.
PPS28;3. Process Tank 2. Yönlendirme Pistonu Kapalı Sensor;Provides pneumatic cylinder position feedback for 3. Process Tank 2. Yönlendirme Pistonu Kapalı Sensor. Connected to cylinder valve, solenoid and PLC digital input.
PPS29;xxx Pistonu Açık Sensor;Provides pneumatic cylinder position feedback for xxx Pistonu Açık Sensor. Connected to cylinder valve, solenoid and PLC digital input.
PPS30;xxx Pistonu Kapalı Sensor;Provides pneumatic cylinder position feedback for xxx Pistonu Kapalı Sensor. Connected to cylinder valve, solenoid and PLC digital input.
PS05;Giriş Su Basınç Sensor;Measures or monitors process pressure for Giriş Su Basınç Sensor. Connected to line, pump/valve and PLC input circuit.
PS06;Giriş Hava Basıncı Basınç Sensor;Measures or monitors process pressure for Giriş Hava Basıncı Basınç Sensor. Connected to line, pump/valve and PLC input circuit.
TC01;1. Process Tank Temperature Transmitter;Measures process temperature for 1. Process Tank Temperature Transmitter. Connected to PLC analog input and heat control circuit.
TC02;2. Process Tank Temperature Transmitter;Measures process temperature for 2. Process Tank Temperature Transmitter. Connected to PLC analog input and heat control circuit.
TC03;3. Process Tank Temperature Transmitter;Measures process temperature for 3. Process Tank Temperature Transmitter. Connected to PLC analog input and heat control circuit.
TC04;4. Process Tank Temperature Transmitter;Measures process temperature for 4. Process Tank Temperature Transmitter. Connected to PLC analog input and heat control circuit.
TC05;1. Drying Temperature Transmitter;Measures process temperature for 1. Drying Temperature Transmitter. Connected to PLC analog input and heat control circuit.
TC06;2. Drying Temperature Transmitter;Measures process temperature for 2. Drying Temperature Transmitter. Connected to PLC analog input and heat control circuit.
TC07;Cell İçi Temperature Transmitter;Measures process temperature for Cell İçi Temperature Transmitter. Connected to PLC analog input and heat control circuit.
TC08;xxx Temperature Transmitter;Measures process temperature for xxx Temperature Transmitter. Connected to PLC analog input and heat control circuit.
TC09;xxx Temperature Transmitter;Measures process temperature for xxx Temperature Transmitter. Connected to PLC analog input and heat control circuit.
TC10;xxx Temperature Transmitter;Measures process temperature for xxx Temperature Transmitter. Connected to PLC analog input and heat control circuit.
PS01;1. Proses Pump Basınç Sensor ( 4-20 mA);Measures or monitors process pressure for 1. Proses Pump Basınç Sensor ( 4-20 mA). Connected to line, pump/valve and PLC input circuit.
PS02;2. Proses Pump Basınç Sensor ( 4-20 mA);Measures or monitors process pressure for 2. Proses Pump Basınç Sensor ( 4-20 mA). Connected to line, pump/valve and PLC input circuit.
PS03;3. Proses Pump Basınç Sensor ( 4-20 mA);Measures or monitors process pressure for 3. Proses Pump Basınç Sensor ( 4-20 mA). Connected to line, pump/valve and PLC input circuit.
PS04;4. Proses Pump Basınç Sensor ( 4-20 mA);Measures or monitors process pressure for 4. Proses Pump Basınç Sensor ( 4-20 mA). Connected to line, pump/valve and PLC input circuit.
PS05;Cell İçi Vakum Sensor ( 4-20 mA);Measures or monitors process pressure for Cell İçi Vakum Sensor ( 4-20 mA). Connected to line, pump/valve and PLC input circuit.
PS06;Giriş Su Basınç Sensor ( 4-20 mA);Measures or monitors process pressure for Giriş Su Basınç Sensor ( 4-20 mA). Connected to line, pump/valve and PLC input circuit.
PS07;Giriş Hava Basınç Sensor ( 4-20 mA);Measures or monitors process pressure for Giriş Hava Basınç Sensor ( 4-20 mA). Connected to line, pump/valve and PLC input circuit.
PS08;1. Pressure Switch;Measures or monitors process pressure for 1. Pressure Switch. Connected to line, pump/valve and PLC input circuit.
PS09;2. Pressure Switch;Measures or monitors process pressure for 2. Pressure Switch. Connected to line, pump/valve and PLC input circuit.
PS10;xxxx Sensor;Measures or monitors process pressure for xxxx Sensor. Connected to line, pump/valve and PLC input circuit.
PHS01;1. Process Tank pH Sensor;Measures process pH for 1. Process Tank pH Sensor. Connected to dosing/process tank and PLC analog input.
PHS02;2. Process Tank pH Sensor;Measures process pH for 2. Process Tank pH Sensor. Connected to dosing/process tank and PLC analog input.
PHS03;3. Process Tank pH Sensor;Measures process pH for 3. Process Tank pH Sensor. Connected to dosing/process tank and PLC analog input.
PHS04;4. Process Tank pH Sensor;Measures process pH for 4. Process Tank pH Sensor. Connected to dosing/process tank and PLC analog input.
PHS05;Wash Hattı pH Sensor;Measures process pH for Wash Hattı pH Sensor. Connected to dosing/process tank and PLC analog input.
CS01;1. Process Tank İletkenlik Sensor;Measures process conductivity for 1. Process Tank İletkenlik Sensor. Connected to process tank, dosing line and PLC analog input.
CS02;2. Process Tank İletkenlik Sensor;Measures process conductivity for 2. Process Tank İletkenlik Sensor. Connected to process tank, dosing line and PLC analog input.
CS03;3. Process Tank İletkenlik Sensor;Measures process conductivity for 3. Process Tank İletkenlik Sensor. Connected to process tank, dosing line and PLC analog input.
CS04;4. Process Tank İletkenlik Sensor;Measures process conductivity for 4. Process Tank İletkenlik Sensor. Connected to process tank, dosing line and PLC analog input.
CS05;xxxx İletkenlik Sensor;Measures process conductivity for xxxx İletkenlik Sensor. Connected to process tank, dosing line and PLC analog input.
V01;1. Proses Pump Suction Actuator Valve valve;Controls flow routing or isolation for 1. Proses Pump Suction Actuator Valve valve. Connected to process line, actuator/solenoid and PLC digital output.
V02;2. Proses Pump Suction Actuator Valve valve;Controls flow routing or isolation for 2. Proses Pump Suction Actuator Valve valve. Connected to process line, actuator/solenoid and PLC digital output.
V03;3. Proses Pump Suction Actuator Valve valve;Controls flow routing or isolation for 3. Proses Pump Suction Actuator Valve valve. Connected to process line, actuator/solenoid and PLC digital output.
V04;4. Proses Pump Suction Actuator Valve valve;Controls flow routing or isolation for 4. Proses Pump Suction Actuator Valve valve. Connected to process line, actuator/solenoid and PLC digital output.
V05;Conta Şişirme Aktüator Valve valve;Controls flow routing or isolation for Conta Şişirme Aktüator Valve valve. Connected to process line, actuator/solenoid and PLC digital output.
V06;Conta Söndürme Aktüator Valve valve;Controls flow routing or isolation for Conta Söndürme Aktüator Valve valve. Connected to process line, actuator/solenoid and PLC digital output.
V07;1. Drying Hattı Aktüator Valve valve;Controls flow routing or isolation for 1. Drying Hattı Aktüator Valve valve. Connected to process line, actuator/solenoid and PLC digital output.
V08;2. Drying Hattı Aktüator Valve valve;Controls flow routing or isolation for 2. Drying Hattı Aktüator Valve valve. Connected to process line, actuator/solenoid and PLC digital output.
V09;Cell Drain Actuator Valve valve;Controls flow routing or isolation for Cell Drain Actuator Valve valve. Connected to process line, actuator/solenoid and PLC digital output.
V10;Cell Suction Actuator Valve valve;Controls flow routing or isolation for Cell Suction Actuator Valve valve. Connected to process line, actuator/solenoid and PLC digital output.
V11;Proses Ana Geri Dönüş Actuator Valve valve;Controls flow routing or isolation for Proses Ana Geri Dönüş Actuator Valve valve. Connected to process line, actuator/solenoid and PLC digital output.
V12;Hat Temizleme Actuator Valve valve;Controls flow routing or isolation for Hat Temizleme Actuator Valve valve. Connected to process line, actuator/solenoid and PLC digital output.
V13;By-Pass Hattı Actuator Valve valve;Controls flow routing or isolation for By-Pass Hattı Actuator Valve valve. Connected to process line, actuator/solenoid and PLC digital output.
V14;Ana Wash Nozzle Actuator Valve valve;Controls flow routing or isolation for Ana Wash Nozzle Actuator Valve valve. Connected to process line, actuator/solenoid and PLC digital output.
V15;Suction Kollektör Temizleme Actuator Valve valve;Controls flow routing or isolation for Suction Kollektör Temizleme Actuator Valve valve. Connected to process line, actuator/solenoid and PLC digital output.
V16;1. Proses Geri Dönüş Actuator Valve valve;Controls flow routing or isolation for 1. Proses Geri Dönüş Actuator Valve valve. Connected to process line, actuator/solenoid and PLC digital output.
V17;2. Proses Geri Dönüş Actuator Valve valve;Controls flow routing or isolation for 2. Proses Geri Dönüş Actuator Valve valve. Connected to process line, actuator/solenoid and PLC digital output.
V18;3. Proses Geri Dönüş Actuator Valve valve;Controls flow routing or isolation for 3. Proses Geri Dönüş Actuator Valve valve. Connected to process line, actuator/solenoid and PLC digital output.
V19;4. Proses Geri Dönüş Actuator Valve valve;Controls flow routing or isolation for 4. Proses Geri Dönüş Actuator Valve valve. Connected to process line, actuator/solenoid and PLC digital output.
V20;1. Process Tank Oto. Dolum Actuator Valve valve;Controls flow routing or isolation for 1. Process Tank Oto. Dolum Actuator Valve valve. Connected to process line, actuator/solenoid and PLC digital output.
V21;2. Process Tank Oto. Dolum Actuator Valve valve;Controls flow routing or isolation for 2. Process Tank Oto. Dolum Actuator Valve valve. Connected to process line, actuator/solenoid and PLC digital output.
V22;3. Process Tank Oto. Dolum Actuator Valve valve;Controls flow routing or isolation for 3. Process Tank Oto. Dolum Actuator Valve valve. Connected to process line, actuator/solenoid and PLC digital output.
V23;4. Process Tank Oto. Dolum Actuator Valve valve;Controls flow routing or isolation for 4. Process Tank Oto. Dolum Actuator Valve valve. Connected to process line, actuator/solenoid and PLC digital output.
V24;1. Process Tank Kaskat Actuator Valve valve;Controls flow routing or isolation for 1. Process Tank Kaskat Actuator Valve valve. Connected to process line, actuator/solenoid and PLC digital output.
V25;2. Process Tank Kaskat Actuator Valve valve;Controls flow routing or isolation for 2. Process Tank Kaskat Actuator Valve valve. Connected to process line, actuator/solenoid and PLC digital output.
V26;3. Process Tank Kaskat Actuator Valve valve;Controls flow routing or isolation for 3. Process Tank Kaskat Actuator Valve valve. Connected to process line, actuator/solenoid and PLC digital output.
V27;1. Tank Drain Actuator Valve valve;Controls flow routing or isolation for 1. Tank Drain Actuator Valve valve. Connected to process line, actuator/solenoid and PLC digital output.
V28;2. Tank Drain Actuator Valve valve;Controls flow routing or isolation for 2. Tank Drain Actuator Valve valve. Connected to process line, actuator/solenoid and PLC digital output.
V29;3. Tank Drain Actuator Valve valve;Controls flow routing or isolation for 3. Tank Drain Actuator Valve valve. Connected to process line, actuator/solenoid and PLC digital output.
V30;Arıtma Dönüş Actuator Valve valve;Controls flow routing or isolation for Arıtma Dönüş Actuator Valve valve. Connected to process line, actuator/solenoid and PLC digital output.
V31;1. Process Tank Discharge Valve Aç Valve;Controls flow routing or isolation for 1. Process Tank Discharge Valve Aç Valve. Connected to process line, actuator/solenoid and PLC digital output.
V32;1. Process Tank Discharge Valve Kapat Valve;Controls flow routing or isolation for 1. Process Tank Discharge Valve Kapat Valve. Connected to process line, actuator/solenoid and PLC digital output.
V33;2. Process Tank Discharge Valve Aç Valve;Controls flow routing or isolation for 2. Process Tank Discharge Valve Aç Valve. Connected to process line, actuator/solenoid and PLC digital output.
V34;2. Process Tank Discharge Valve Kapat Valve;Controls flow routing or isolation for 2. Process Tank Discharge Valve Kapat Valve. Connected to process line, actuator/solenoid and PLC digital output.
V35;3. Process Tank Discharge Valve Aç Valve;Controls flow routing or isolation for 3. Process Tank Discharge Valve Aç Valve. Connected to process line, actuator/solenoid and PLC digital output.
V36;3. Process Tank Discharge Valve Kapat Valve;Controls flow routing or isolation for 3. Process Tank Discharge Valve Kapat Valve. Connected to process line, actuator/solenoid and PLC digital output.
V37;4. Process Tank Discharge Valve Aç Valve;Controls flow routing or isolation for 4. Process Tank Discharge Valve Aç Valve. Connected to process line, actuator/solenoid and PLC digital output.
V38;4. Process Tank Discharge Valve Kapat Valve;Controls flow routing or isolation for 4. Process Tank Discharge Valve Kapat Valve. Connected to process line, actuator/solenoid and PLC digital output.
V39;Cell Boşaltma Pistonu Valve Aç Valve;Controls flow routing or isolation for Cell Boşaltma Pistonu Valve Aç Valve. Connected to process line, actuator/solenoid and PLC digital output.
V40;Cell Boşaltma Pistonu Valve Kapat Valve;Controls flow routing or isolation for Cell Boşaltma Pistonu Valve Kapat Valve. Connected to process line, actuator/solenoid and PLC digital output.
V41;Basket Alma Kontrol Valve 1;Controls flow routing or isolation for Basket Alma Kontrol Valve 1. Connected to process line, actuator/solenoid and PLC digital output.
V42;Basket Alma Kontol Valve 2;Controls flow routing or isolation for Basket Alma Kontol Valve 2. Connected to process line, actuator/solenoid and PLC digital output.
V43;1. Process Tankı Lid Pistonu Valve;Controls flow routing or isolation for 1. Process Tankı Lid Pistonu Valve. Connected to process line, actuator/solenoid and PLC digital output.
V44;2. Process Tankı Lid Pistonu Valve;Controls flow routing or isolation for 2. Process Tankı Lid Pistonu Valve. Connected to process line, actuator/solenoid and PLC digital output.
V45;1. Process Tankı Lid Pistonu Valve;Controls flow routing or isolation for 1. Process Tankı Lid Pistonu Valve. Connected to process line, actuator/solenoid and PLC digital output.
V46;2. Process Tankı Lid Pistonu Valve;Controls flow routing or isolation for 2. Process Tankı Lid Pistonu Valve. Connected to process line, actuator/solenoid and PLC digital output.
V47;Ana Valve;Controls flow routing or isolation for Ana Valve. Connected to process line, actuator/solenoid and PLC digital output.
V48;Lid Aç Valve;Controls flow routing or isolation for Lid Aç Valve. Connected to process line, actuator/solenoid and PLC digital output.
V49;Lid Kapat Valve;Controls flow routing or isolation for Lid Kapat Valve. Connected to process line, actuator/solenoid and PLC digital output.
V50;1. Process Tankndan Pumpya Suction Actuator Valve Valve;Controls flow routing or isolation for 1. Process Tankndan Pumpya Suction Actuator Valve Valve. Connected to process line, actuator/solenoid and PLC digital output.
V51;2. Process Tankndan Pumpya Suction Actuator Valve Valve;Controls flow routing or isolation for 2. Process Tankndan Pumpya Suction Actuator Valve Valve. Connected to process line, actuator/solenoid and PLC digital output.
V52;3. Process Tankndan Pumpya Suction Actuator Valve Valve;Controls flow routing or isolation for 3. Process Tankndan Pumpya Suction Actuator Valve Valve. Connected to process line, actuator/solenoid and PLC digital output.
V53;4. Process Tankndan Pumpya Suction Actuator Valve Valve;Controls flow routing or isolation for 4. Process Tankndan Pumpya Suction Actuator Valve Valve. Connected to process line, actuator/solenoid and PLC digital output.
V54;1. Cellden Pumpya Suction Actuator Valve Valve;Controls flow routing or isolation for 1. Cellden Pumpya Suction Actuator Valve Valve. Connected to process line, actuator/solenoid and PLC digital output.
V55;2. Cellden Pumpya Suction Actuator Valve Valve;Controls flow routing or isolation for 2. Cellden Pumpya Suction Actuator Valve Valve. Connected to process line, actuator/solenoid and PLC digital output.
V56;3. Cellden Pumpya Suction Actuator Valve Valve;Controls flow routing or isolation for 3. Cellden Pumpya Suction Actuator Valve Valve. Connected to process line, actuator/solenoid and PLC digital output.
V57;4. Cellden Pumpya Suction Actuator Valve Valve;Controls flow routing or isolation for 4. Cellden Pumpya Suction Actuator Valve Valve. Connected to process line, actuator/solenoid and PLC digital output.
V58;Egzos Hattı Actuator Valve Valve;Controls flow routing or isolation for Egzos Hattı Actuator Valve Valve. Connected to process line, actuator/solenoid and PLC digital output.
V59;1. Proses Hattı Actuator Valve Valve;Controls flow routing or isolation for 1. Proses Hattı Actuator Valve Valve. Connected to process line, actuator/solenoid and PLC digital output.
V60;2. Proses Hattı Actuator Valve Valve;Controls flow routing or isolation for 2. Proses Hattı Actuator Valve Valve. Connected to process line, actuator/solenoid and PLC digital output.